,,,,,,,,,,,,,,,,,,,,,,,,,,,,,,,,,,,,,,,,,,,,,,,,,,,,,,,,,,,,,,,,,,,,,,,,,,,,,,,,,,,,,,,,,,,,,,,,,,,,,,,,,,,,,,,,,,,,,,,,
,,,,,,,,,,,,,,,,,,,,,,,,,,,,,,,,,,,,,,,,,,,,,,,,,,,,,,,,,,,,,,,,,,,,,,,,,,,,,,,,,,,,,,,,,,,,,,,,,,,,,,,,,,,,,,,,,,,,,,,,
,,,,,,,,,,,,,,,,,,,,,,,,,,,,,,,,,,,,,,,,,,,,,,,,,,,,,,,,,,,,,,,,,,,,,,,,,,,,,,,,,,,,,,,,,,,,,,,,,,,,,,,,,,,,,,,,,,,,,,,,
,,,,,,,,,,,,,,,,,,,,,,,,,,,,,,,,,,,,,,,,,,,,,,,,,,,,,,,,,,,,,,,,,,,,,,,,,,,,,,,,,,,,,,,,,,,,,,,,,,,,,,,,,,,,,,,,,,,,,,,,
,,,,,,,,,,,,,,,,,,,,,,,,,,,,,,,,,,,,,,,,,,,,,,,,,,,,,,,,,,,,,,,,,,,,,,,,,,,,,,,,,,,,,,,,,,,,,,,,,,,,,,,,,,,,,,,,,,,,,,,,
,,,,,,,,,,,,,,,,,,,,,,,,,1990-,,,,,,,,,,,,,,,,,,,,,,,,,,,,,,,,,,,,,,,,,,,,,,,,,,,,,,,,,,,,,,,,,,,,,,,,,,,,,,,,,,,,,,,,,,,,,,,
"Site, sex, race, and Hispanic origin",1990,1991,1992,1993,1994,1995,1996,1997,1998,1999,2000,2001,2002,2003,2004,2005,2006,2007,2008,2009,2010,2011,2012,2013,2013,,,,,,,,,,,,,,,,,,,,,,,,,,,,,,,,,,,,,,,,,,,,,,,,,,,,,,,,,,,,,,,,,,,,,,,,,,,,,,,,,,,,,,,,,,,,,,,
,,,,,,,,,,,,,,,,,,,,,,,,,APC1,,,,,,,,,,,,,,,,,,,,,,,,,,,,,,,,,,,,,,,,,,,,,,,,,,,,,,,,,,,,,,,,,,,,,,,,,,,,,,,,,,,,,,,,,,,,,,,
All sites,,,,,,"        Number of new cases per 100,000 population2",,,,,,,,,,,,,,,,,,,,,,,,,,,,,,,,,,,,,,,,,,,,,,,,,,,,,,,,,,,,,,,,,,,,,,,,,,,,,,,,,,,,,,,,,,,,,,,,,,,,,,,,,,,,,,,,,,
,,,,,,,,,,,,,,,,,,,,,,,,,,,,,,,,,,,,,,,,,,,,,,,,,,,,,,,,,,,,,,,,,,,,,,,,,,,,,,,,,,,,,,,,,,,,,,,,,,,,,,,,,,,,,,,,,,,,,,,,
All persons...........................,475.8,495.2,503.3,487.0,475.3,471.4,473.1,478.6,480.3,481.4,475.2,478.7,474.3,463.4,465.0,460.8,461.4,468.6,462.3,460.6,450.7,443.0,429.3,419.5,-0.5†,,,,,,,,,,,,,,,,,,,,,,,,,,,,,,,,,,,,,,,,,,,,,,,,,,,,,,,,,,,,,,,,,,,,,,,,,,,,,,,,,,,,,,,,,,,,,,,
  White...............................,483.3,504.2,510.9,491.2,480.5,477.4,479.8,485.8,488.8,490.3,485.8,490.2,484.7,474.1,475.3,473.1,474.3,480.5,474.4,472.3,462.0,454.8,439.5,429.9,-0.4†,,,,,,,,,,,,,,,,,,,,,,,,,,,,,,,,,,,,,,,,,,,,,,,,,,,,,,,,,,,,,,,,,,,,,,,,,,,,,,,,,,,,,,,,,,,,,,,
  Black or African American...........,515.2,538.4,554.9,560.0,544.5,539.4,538.4,541.5,536.2,538.9,525.9,518.1,524.8,514.3,519.8,505.3,500.8,508.9,503.5,503.4,483.9,476.8,464.4,444.2,-0.7†,,,,,,,,,,,,,,,,,,,,,,,,,,,,,,,,,,,,,,,,,,,,,,,,,,,,,,,,,,,,,,,,,,,,,,,,,,,,,,,,,,,,,,,,,,,,,,,
  American Indian or Alaska Native3..,348.1,357.8,363.1,384.7,362.3,371.7,376.9,396.3,376.6,414.0,365.9,396.1,359.0,380.6,404.5,404.1,391.8,372.4,391.0,392.4,406.8,377.7,357.0,367.6,0.1,,,,,,,,,,,,,,,,,,,,,,,,,,,,,,,,,,,,,,,,,,,,,,,,,,,,,,,,,,,,,,,,,,,,,,,,,,,,,,,,,,,,,,,,,,,,,,,
  Asian or Pacific Islander...........,335.4,341.1,359.3,354.0,348.5,340.6,336.9,349.0,343.0,345.8,341.5,347.4,346.8,334.4,338.5,331.9,327.0,339.4,332.3,327.8,324.1,321.8,310.5,305.3,-0.5†,,,,,,,,,,,,,,,,,,,,,,,,,,,,,,,,,,,,,,,,,,,,,,,,,,,,,,,,,,,,,,,,,,,,,,,,,,,,,,,,,,,,,,,,,,,,,,,
  Hispanic or Latino4................,356.1,365.6,377.5,369.0,360.0,359.9,363.9,359.5,374.3,372.7,362.0,366.1,372.2,358.3,367.4,365.0,356.8,363.4,360.4,358.1,348.9,351.3,336.7,327.4,-0.3†,,,,,,,,,,,,,,,,,,,,,,,,,,,,,,,,,,,,,,,,,,,,,,,,,,,,,,,,,,,,,,,,,,,,,,,,,,,,,,,,,,,,,,,,,,,,,,,
"  White, not Hispanic or Latino4.....",495.2,517.5,524.1,503.8,493.6,491.2,494.1,502.1,504.2,506.8,503.6,508.7,502.1,492.4,492.8,491.3,494.3,501.0,494.5,493.0,482.7,474.6,459.5,451.1,-0.3†,,,,,,,,,,,,,,,,,,,,,,,,,,,,,,,,,,,,,,,,,,,,,,,,,,,,,,,,,,,,,,,,,,,,,,,,,,,,,,,,,,,,,,,,,,,,,,,
,,,,,,,,,,,,,,,,,,,,,,,,,,,,,,,,,,,,,,,,,,,,,,,,,,,,,,,,,,,,,,,,,,,,,,,,,,,,,,,,,,,,,,,,,,,,,,,,,,,,,,,,,,,,,,,,,,,,,,,,
Male..................................,584.1,626.9,649.0,611.4,579.8,564.7,563.7,565.8,563.4,568.5,565.6,566.8,558.6,545.9,546.1,534.9,537.9,549.9,531.7,525.0,512.8,498.3,468.5,454.4,-1.0†,,,,,,,,,,,,,,,,,,,,,,,,,,,,,,,,,,,,,,,,,,,,,,,,,,,,,,,,,,,,,,,,,,,,,,,,,,,,,,,,,,,,,,,,,,,,,,,
  White...............................,591.1,635.1,654.6,609.3,578.9,563.5,565.4,566.1,565.4,570.5,569.8,572.9,564.1,550.9,552.2,543.6,546.4,557.5,539.3,532.4,519.9,506.6,475.1,460.4,-1.0†,,,,,,,,,,,,,,,,,,,,,,,,,,,,,,,,,,,,,,,,,,,,,,,,,,,,,,,,,,,,,,,,,,,,,,,,,,,,,,,,,,,,,,,,,,,,,,,
  Black or African American...........,688.5,753.9,792.3,795.5,751.1,742.9,723.1,729.8,721.3,720.2,707.2,692.0,689.6,669.6,671.4,637.6,630.2,649.8,642.3,627.8,596.0,571.6,548.4,523.1,-1.5†,,,,,,,,,,,,,,,,,,,,,,,,,,,,,,,,,,,,,,,,,,,,,,,,,,,,,,,,,,,,,,,,,,,,,,,,,,,,,,,,,,,,,,,,,,,,,,,
  American Indian or Alaska Native3..,395.1,413.5,409.0,492.3,417.3,424.0,406.9,455.6,400.8,474.8,374.7,459.3,384.7,448.0,410.1,426.4,400.8,410.2,429.0,432.7,456.7,403.9,350.0,377.3,-0.3,,,,,,,,,,,,,,,,,,,,,,,,,,,,,,,,,,,,,,,,,,,,,,,,,,,,,,,,,,,,,,,,,,,,,,,,,,,,,,,,,,,,,,,,,,,,,,,
  Asian or Pacific Islander...........,386.0,401.3,431.9,426.1,414.2,398.9,387.9,399.8,387.7,398.6,400.4,394.8,390.0,387.5,385.0,371.8,372.1,380.8,362.4,353.1,347.2,343.9,317.3,309.9,-1.1†,,,,,,,,,,,,,,,,,,,,,,,,,,,,,,,,,,,,,,,,,,,,,,,,,,,,,,,,,,,,,,,,,,,,,,,,,,,,,,,,,,,,,,,,,,,,,,,
  Hispanic or Latino4................,417.5,440.3,471.5,459.1,442.4,440.7,438.2,431.4,443.3,444.2,436.6,437.6,443.7,423.9,438.0,426.9,416.6,427.4,414.9,413.3,398.8,392.1,365.6,343.9,-0.9†,,,,,,,,,,,,,,,,,,,,,,,,,,,,,,,,,,,,,,,,,,,,,,,,,,,,,,,,,,,,,,,,,,,,,,,,,,,,,,,,,,,,,,,,,,,,,,,
"  White, not Hispanic or Latino4.....",606.7,653.0,672.1,623.9,593.4,577.3,580.5,582.7,581.1,587.3,588.9,591.8,581.7,569.3,569.7,561.8,566.9,579.0,559.8,552.8,540.8,526.9,495.4,483.2,-0.9†,,,,,,,,,,,,,,,,,,,,,,,,,,,,,,,,,,,,,,,,,,,,,,,,,,,,,,,,,,,,,,,,,,,,,,,,,,,,,,,,,,,,,,,,,,,,,,,
,,,,,,,,,,,,,,,,,,,,,,,,,,,,,,,,,,,,,,,,,,,,,,,,,,,,,,,,,,,,,,,,,,,,,,,,,,,,,,,,,,,,,,,,,,,,,,,,,,,,,,,,,,,,,,,,,,,,,,,,
Female................................,411.5,413.5,409.4,405.6,407.3,410.6,414.2,421.8,426.6,423.8,414.0,418.6,417.1,407.1,409.1,409.8,407.6,410.7,413.5,415.5,406.6,404.6,403.7,397.6,-0.1†,,,,,,,,,,,,,,,,,,,,,,,,,,,,,,,,,,,,,,,,,,,,,,,,,,,,,,,,,,,,,,,,,,,,,,,,,,,,,,,,,,,,,,,,,,,,,,,
  White...............................,421.3,424.5,419.9,415.6,417.8,423.2,425.5,434.9,440.7,438.4,430.0,434.6,431.4,422.3,422.5,424.8,423.7,425.6,429.1,430.2,421.2,419.1,417.2,412.0,0.0,,,,,,,,,,,,,,,,,,,,,,,,,,,,,,,,,,,,,,,,,,,,,,,,,,,,,,,,,,,,,,,,,,,,,,,,,,,,,,,,,,,,,,,,,,,,,,,
  Black or African American...........,406.5,404.7,401.9,406.2,409.8,403.2,417.1,417.5,416.2,419.2,404.0,400.1,415.0,410.1,418.8,416.2,411.9,412.7,408.6,419.1,406.0,411.6,406.8,389.9,0.0,,,,,,,,,,,,,,,,,,,,,,,,,,,,,,,,,,,,,,,,,,,,,,,,,,,,,,,,,,,,,,,,,,,,,,,,,,,,,,,,,,,,,,,,,,,,,,,
  American Indian or Alaska Native3..,316.5,318.4,331.4,304.4,322.0,338.6,358.1,354.8,361.5,374.3,366.2,355.5,339.1,336.1,406.7,389.0,390.0,351.5,370.9,369.6,378.3,364.1,370.2,365.7,0.6†,,,,,,,,,,,,,,,,,,,,,,,,,,,,,,,,,,,,,,,,,,,,,,,,,,,,,,,,,,,,,,,,,,,,,,,,,,,,,,,,,,,,,,,,,,,,,,,
  Asian or Pacific Islander...........,295.7,293.2,303.0,298.3,299.2,297.8,300.5,313.4,313.0,310.2,300.9,316.0,319.9,299.7,308.9,306.9,298.3,313.0,314.8,314.3,312.0,310.0,310.3,307.3,0.2†,,,,,,,,,,,,,,,,,,,,,,,,,,,,,,,,,,,,,,,,,,,,,,,,,,,,,,,,,,,,,,,,,,,,,,,,,,,,,,,,,,,,,,,,,,,,,,,
  Hispanic or Latina4................,322.7,322.9,320.9,312.9,310.2,310.5,319.1,315.8,332.2,329.7,317.9,321.7,328.3,318.0,323.9,326.3,319.5,323.4,326.8,323.6,318.4,327.6,321.9,322.7,0.1,,,,,,,,,,,,,,,,,,,,,,,,,,,,,,,,,,,,,,,,,,,,,,,,,,,,,,,,,,,,,,,,,,,,,,,,,,,,,,,,,,,,,,,,,,,,,,,
"  White, not Hispanic or Latina4.....",430.7,434.3,429.8,426.6,429.5,436.7,438.9,450.7,455.8,454.2,446.0,452.2,448.1,439.9,439.3,442.4,442.6,444.4,448.0,450.5,440.8,437.8,436.3,431.5,0.1,,,,,,,,,,,,,,,,,,,,,,,,,,,,,,,,,,,,,,,,,,,,,,,,,,,,,,,,,,,,,,,,,,,,,,,,,,,,,,,,,,,,,,,,,,,,,,,
,,,,,,,,,,,,,,,,,,,,,,,,,,,,,,,,,,,,,,,,,,,,,,,,,,,,,,,,,,,,,,,,,,,,,,,,,,,,,,,,,,,,,,,,,,,,,,,,,,,,,,,,,,,,,,,,,,,,,,,,
Lung and bronchus,,,,,,,,,,,,,,,,,,,,,,,,,,,,,,,,,,,,,,,,,,,,,,,,,,,,,,,,,,,,,,,,,,,,,,,,,,,,,,,,,,,,,,,,,,,,,,,,,,,,,,,,,,,,,,,,,,,,,,,,
,,,,,,,,,,,,,,,,,,,,,,,,,,,,,,,,,,,,,,,,,,,,,,,,,,,,,,,,,,,,,,,,,,,,,,,,,,,,,,,,,,,,,,,,,,,,,,,,,,,,,,,,,,,,,,,,,,,,,,,,
Male..................................,95.0,94.2,93.1,89.7,87.2,86.9,84.4,82.6,83.3,80.4,77.8,77.3,75.7,75.5,71.7,71.5,70.0,69.2,67.3,66.4,63.1,60.8,58.8,55.9,-2.1†,,,,,,,,,,,,,,,,,,,,,,,,,,,,,,,,,,,,,,,,,,,,,,,,,,,,,,,,,,,,,,,,,,,,,,,,,,,,,,,,,,,,,,,,,,,,,,,
  White...............................,94.1,92.8,90.9,88.2,86.6,85.0,82.9,80.9,82.1,78.8,76.3,76.2,75.0,74.3,70.4,70.8,68.8,68.5,66.1,65.4,62.8,60.3,58.0,55.1,-2.1†,,,,,,,,,,,,,,,,,,,,,,,,,,,,,,,,,,,,,,,,,,,,,,,,,,,,,,,,,,,,,,,,,,,,,,,,,,,,,,,,,,,,,,,,,,,,,,,
  Black or African American...........,134.2,141.9,142.6,130.9,123.2,137.0,130.1,125.3,124.1,121.3,111.7,113.5,109.2,112.1,103.0,98.0,98.5,95.5,96.3,96.2,82.2,82.7,81.6,74.1,-2.6†,,,,,,,,,,,,,,,,,,,,,,,,,,,,,,,,,,,,,,,,,,,,,,,,,,,,,,,,,,,,,,,,,,,,,,,,,,,,,,,,,,,,,,,,,,,,,,,
  American Indian or Alaska Native3..,77.3,45.0,54.2,94.2,77.2,82.8,67.8,75.1,69.2,54.6,62.6,82.7,46.2,74.2,60.9,67.4,63.6,61.5,69.5,62.0,67.1,55.6,45.2,53.2,-1.2†,,,,,,,,,,,,,,,,,,,,,,,,,,,,,,,,,,,,,,,,,,,,,,,,,,,,,,,,,,,,,,,,,,,,,,,,,,,,,,,,,,,,,,,,,,,,,,,
  Asian or Pacific Islander...........,64.4,63.0,69.4,64.6,60.7,60.1,60.9,62.4,61.9,62.6,63.9,57.9,57.8,58.7,59.6,58.2,57.4,55.4,55.9,52.7,51.0,50.0,48.8,48.5,-1.3†,,,,,,,,,,,,,,,,,,,,,,,,,,,,,,,,,,,,,,,,,,,,,,,,,,,,,,,,,,,,,,,,,,,,,,,,,,,,,,,,,,,,,,,,,,,,,,,
  Hispanic or Latino4................,59.4,54.2,54.3,51.1,49.0,52.4,48.6,48.0,50.7,44.6,45.2,43.1,49.1,46.5,41.1,43.9,39.8,44.6,40.0,38.8,34.5,35.6,33.9,33.8,-2.1†,,,,,,,,,,,,,,,,,,,,,,,,,,,,,,,,,,,,,,,,,,,,,,,,,,,,,,,,,,,,,,,,,,,,,,,,,,,,,,,,,,,,,,,,,,,,,,,
"  White, not Hispanic or Latino4.....",97.4,96.5,94.5,91.8,90.3,88.4,86.6,84.5,85.6,82.9,80.2,80.6,78.4,77.9,74.5,74.6,73.0,72.2,70.0,69.4,67.2,64.2,62.0,58.8,-1.9†,,,,,,,,,,,,,,,,,,,,,,,,,,,,,,,,,,,,,,,,,,,,,,,,,,,,,,,,,,,,,,,,,,,,,,,,,,,,,,,,,,,,,,,,,,,,,,,
,,,,,,,,,,,,,,,,,,,,,,,,,,,,,,,,,,,,,,,,,,,,,,,,,,,,,,,,,,,,,,,,,,,,,,,,,,,,,,,,,,,,,,,,,,,,,,,,,,,,,,,,,,,,,,,,,,,,,,,,
Female................................,47.2,48.3,48.7,48.8,48.9,49.3,50.1,50.3,51.0,50.4,48.6,48.9,49.4,49.8,49.0,50.0,49.2,49.3,47.8,48.4,46.1,44.9,44.4,43.2,-0.4†,,,,,,,,,,,,,,,,,,,,,,,,,,,,,,,,,,,,,,,,,,,,,,,,,,,,,,,,,,,,,,,,,,,,,,,,,,,,,,,,,,,,,,,,,,,,,,,
  White...............................,48.5,49.8,50.4,50.7,50.5,51.7,52.2,52.9,53.0,52.4,50.7,50.8,51.5,52.4,50.6,51.9,51.2,52.0,50.4,50.3,48.1,46.6,46.1,45.1,-0.3†,,,,,,,,,,,,,,,,,,,,,,,,,,,,,,,,,,,,,,,,,,,,,,,,,,,,,,,,,,,,,,,,,,,,,,,,,,,,,,,,,,,,,,,,,,,,,,,
  Black or African American...........,52.9,54.7,52.0,53.1,55.3,50.0,54.8,50.8,57.6,58.5,55.1,55.3,55.4,55.5,57.9,58.4,57.3,54.3,53.4,55.7,52.9,50.0,52.0,48.1,-0.1,,,,,,,,,,,,,,,,,,,,,,,,,,,,,,,,,,,,,,,,,,,,,,,,,,,,,,,,,,,,,,,,,,,,,,,,,,,,,,,,,,,,,,,,,,,,,,,
  American Indian or Alaska Native3..,30.4,21.7,35.9,33.1,35.7,46.1,35.2,35.9,26.9,34.0,38.5,35.5,39.9,41.4,57.0,45.5,45.8,34.9,45.0,35.3,37.2,42.1,34.6,27.5,0.5,,,,,,,,,,,,,,,,,,,,,,,,,,,,,,,,,,,,,,,,,,,,,,,,,,,,,,,,,,,,,,,,,,,,,,,,,,,,,,,,,,,,,,,,,,,,,,,
  Asian or Pacific Islander...........,28.4,26.3,29.4,26.5,29.1,27.6,28.1,30.0,29.3,29.2,27.3,30.2,29.7,29.1,31.0,30.8,30.0,29.0,27.6,31.1,29.2,31.3,29.0,29.2,0.3†,,,,,,,,,,,,,,,,,,,,,,,,,,,,,,,,,,,,,,,,,,,,,,,,,,,,,,,,,,,,,,,,,,,,,,,,,,,,,,,,,,,,,,,,,,,,,,,
  Hispanic or Latina4................,26.2,28.0,26.1,28.1,22.7,25.2,26.2,25.2,26.5,26.2,24.3,25.4,25.1,24.4,25.8,22.9,24.2,25.4,24.8,25.9,24.8,23.8,22.8,24.5,-0.4†,,,,,,,,,,,,,,,,,,,,,,,,,,,,,,,,,,,,,,,,,,,,,,,,,,,,,,,,,,,,,,,,,,,,,,,,,,,,,,,,,,,,,,,,,,,,,,,
"  White, not Hispanic or Latina4.....",50.8,52.2,53.2,53.2,53.6,54.8,55.4,56.4,56.6,55.9,54.4,54.3,55.4,56.6,54.5,56.4,55.6,56.4,54.7,54.6,52.0,50.8,50.3,49.1,-0.1,,,,,,,,,,,,,,,,,,,,,,,,,,,,,,,,,,,,,,,,,,,,,,,,,,,,,,,,,,,,,,,,,,,,,,,,,,,,,,,,,,,,,,,,,,,,,,,
,,,,,,,,,,,,,,,,,,,,,,,,,,,,,,,,,,,,,,,,,,,,,,,,,,,,,,,,,,,,,,,,,,,,,,,,,,,,,,,,,,,,,,,,,,,,,,,,,,,,,,,,,,,,,,,,,,,,,,,,
Colon and rectum,,,,,,,,,,,,,,,,,,,,,,,,,,,,,,,,,,,,,,,,,,,,,,,,,,,,,,,,,,,,,,,,,,,,,,,,,,,,,,,,,,,,,,,,,,,,,,,,,,,,,,,,,,,,,,,,,,,,,,,,
,,,,,,,,,,,,,,,,,,,,,,,,,,,,,,,,,,,,,,,,,,,,,,,,,,,,,,,,,,,,,,,,,,,,,,,,,,,,,,,,,,,,,,,,,,,,,,,,,,,,,,,,,,,,,,,,,,,,,,,,
Male..................................,72.3,71.4,69.0,66.5,65.3,63.2,64.6,66.4,66.0,64.2,62.6,61.8,60.1,58.4,56.8,54.7,53.4,53.1,51.7,49.1,46.9,45.4,43.6,42.3,-2.1†,,,,,,,,,,,,,,,,,,,,,,,,,,,,,,,,,,,,,,,,,,,,,,,,,,,,,,,,,,,,,,,,,,,,,,,,,,,,,,,,,,,,,,,,,,,,,,,
  White...............................,73.0,71.6,69.3,66.1,65.2,62.5,64.9,66.0,65.6,64.1,62.0,61.2,58.9,57.1,55.7,54.1,52.2,51.8,50.5,47.6,45.4,43.6,42.1,40.3,-2.3†,,,,,,,,,,,,,,,,,,,,,,,,,,,,,,,,,,,,,,,,,,,,,,,,,,,,,,,,,,,,,,,,,,,,,,,,,,,,,,,,,,,,,,,,,,,,,,,
  Black or African American...........,73.1,79.0,75.8,76.7,73.4,75.2,68.7,75.1,78.6,73.4,73.6,72.2,72.5,76.3,74.7,67.0,65.7,66.3,67.2,61.8,57.7,57.0,55.7,55.8,-1.4†,,,,,,,,,,,,,,,,,,,,,,,,,,,,,,,,,,,,,,,,,,,,,,,,,,,,,,,,,,,,,,,,,,,,,,,,,,,,,,,,,,,,,,,,,,,,,,,
  American Indian or Alaska Native3..,61.9,60.4,52.0,58.9,61.0,66.2,61.1,72.2,48.6,81.9,48.7,61.9,49.4,70.4,54.5,65.6,50.1,51.5,48.6,64.7,64.7,65.0,57.7,53.6,-0.2,,,,,,,,,,,,,,,,,,,,,,,,,,,,,,,,,,,,,,,,,,,,,,,,,,,,,,,,,,,,,,,,,,,,,,,,,,,,,,,,,,,,,,,,,,,,,,,
  Asian or Pacific Islander...........,60.9,60.1,58.2,58.8,58.1,58.8,56.6,59.8,58.0,55.2,58.0,56.9,59.0,53.3,50.3,47.7,51.1,49.1,46.7,46.5,45.5,45.6,42.3,42.5,-1.6†,,,,,,,,,,,,,,,,,,,,,,,,,,,,,,,,,,,,,,,,,,,,,,,,,,,,,,,,,,,,,,,,,,,,,,,,,,,,,,,,,,,,,,,,,,,,,,,
  Hispanic or Latino4................,47.7,51.6,49.2,45.9,45.9,46.0,49.8,51.0,52.4,49.3,50.5,49.9,46.0,47.4,48.3,47.4,47.1,46.1,47.7,45.9,42.0,43.5,40.2,38.2,-0.9†,,,,,,,,,,,,,,,,,,,,,,,,,,,,,,,,,,,,,,,,,,,,,,,,,,,,,,,,,,,,,,,,,,,,,,,,,,,,,,,,,,,,,,,,,,,,,,,
"  White, not Hispanic or Latino4.....",75.0,73.2,71.0,67.8,66.9,63.9,66.2,67.3,66.9,65.7,63.4,62.5,60.3,58.1,56.5,54.8,52.9,52.4,50.7,47.7,46.0,43.6,42.4,40.8,-2.4†,,,,,,,,,,,,,,,,,,,,,,,,,,,,,,,,,,,,,,,,,,,,,,,,,,,,,,,,,,,,,,,,,,,,,,,,,,,,,,,,,,,,,,,,,,,,,,,
,,,,,,,,,,,,,,,,,,,,,,,,,,,,,,,,,,,,,,,,,,,,,,,,,,,,,,,,,,,,,,,,,,,,,,,,,,,,,,,,,,,,,,,,,,,,,,,,,,,,,,,,,,,,,,,,,,,,,,,,
Female................................,50.2,49.2,48.1,47.6,46.5,45.9,46.0,47.2,48.6,47.0,46.1,45.4,45.2,43.6,42.1,41.4,41.2,40.2,39.8,38.1,36.0,34.7,33.6,32.1,-1.6†,,,,,,,,,,,,,,,,,,,,,,,,,,,,,,,,,,,,,,,,,,,,,,,,,,,,,,,,,,,,,,,,,,,,,,,,,,,,,,,,,,,,,,,,,,,,,,,
  White...............................,49.7,48.8,47.4,47.1,45.7,45.4,45.5,46.9,48.2,46.2,45.6,44.4,44.1,42.9,41.0,40.3,40.3,39.2,39.0,36.7,34.5,33.8,32.8,31.5,-1.7†,,,,,,,,,,,,,,,,,,,,,,,,,,,,,,,,,,,,,,,,,,,,,,,,,,,,,,,,,,,,,,,,,,,,,,,,,,,,,,,,,,,,,,,,,,,,,,,
  Black or African American...........,61.3,56.8,57.1,55.7,58.1,54.9,54.7,58.3,56.7,58.6,58.1,57.0,56.3,55.4,54.1,54.2,54.1,52.7,49.1,50.8,46.5,42.5,41.5,38.6,-1.4†,,,,,,,,,,,,,,,,,,,,,,,,,,,,,,,,,,,,,,,,,,,,,,,,,,,,,,,,,,,,,,,,,,,,,,,,,,,,,,,,,,,,,,,,,,,,,,,
  American Indian or Alaska Native3..,45.8,40.5,54.1,34.4,47.2,47.9,43.4,54.0,61.5,56.4,39.1,50.4,51.5,45.1,66.4,48.3,47.6,45.0,47.0,45.9,42.9,46.0,45.4,48.9,-0.2,,,,,,,,,,,,,,,,,,,,,,,,,,,,,,,,,,,,,,,,,,,,,,,,,,,,,,,,,,,,,,,,,,,,,,,,,,,,,,,,,,,,,,,,,,,,,,,
  Asian or Pacific Islander...........,37.8,42.0,41.2,41.1,39.3,38.9,39.4,36.3,40.8,40.2,37.5,41.2,41.8,36.4,37.3,36.9,35.5,35.3,35.6,34.4,34.6,31.6,28.8,27.5,-1.4†,,,,,,,,,,,,,,,,,,,,,,,,,,,,,,,,,,,,,,,,,,,,,,,,,,,,,,,,,,,,,,,,,,,,,,,,,,,,,,,,,,,,,,,,,,,,,,,
  Hispanic or Latina4................,34.5,34.0,33.2,32.8,33.2,31.9,33.8,32.6,34.5,35.5,34.1,32.8,32.1,33.6,33.2,33.7,32.9,34.5,32.1,31.6,30.7,29.3,28.1,26.8,-0.7†,,,,,,,,,,,,,,,,,,,,,,,,,,,,,,,,,,,,,,,,,,,,,,,,,,,,,,,,,,,,,,,,,,,,,,,,,,,,,,,,,,,,,,,,,,,,,,,
"  White, not Hispanic or Latina4.....",50.9,50.0,48.6,48.4,46.7,46.7,46.7,48.3,49.7,47.3,46.7,45.8,45.5,44.0,42.0,41.3,41.4,39.8,40.1,37.4,35.0,34.6,33.7,32.5,-1.7†,,,,,,,,,,,,,,,,,,,,,,,,,,,,,,,,,,,,,,,,,,,,,,,,,,,,,,,,,,,,,,,,,,,,,,,,,,,,,,,,,,,,,,,,,,,,,,,
,,,,,,,,,,,,,,,,,,,,,,,,,,,,,,,,,,,,,,,,,,,,,,,,,,,,,,,,,,,,,,,,,,,,,,,,,,,,,,,,,,,,,,,,,,,,,,,,,,,,,,,,,,,,,,,,,,,,,,,,
Prostate,,,,,,,,,,,,,,,,,,,,,,,,,,,,,,,,,,,,,,,,,,,,,,,,,,,,,,,,,,,,,,,,,,,,,,,,,,,,,,,,,,,,,,,,,,,,,,,,,,,,,,,,,,,,,,,,,,,,,,,,
,,,,,,,,,,,,,,,,,,,,,,,,,,,,,,,,,,,,,,,,,,,,,,,,,,,,,,,,,,,,,,,,,,,,,,,,,,,,,,,,,,,,,,,,,,,,,,,,,,,,,,,,,,,,,,,,,,,,,,,,
Male..................................,166.9,210.3,234.2,207.2,177.5,166.6,166.8,172.0,169.9,180.4,179.0,180.2,178.0,165.5,165.5,154.1,164.7,168.0,153.6,150.3,143.8,137.2,111.5,104.6,-2.0†,,,,,,,,,,,,,,,,,,,,,,,,,,,,,,,,,,,,,,,,,,,,,,,,,,,,,,,,,,,,,,,,,,,,,,,,,,,,,,,,,,,,,,,,,,,,,,,
  White...............................,168.5,212.5,234.8,201.1,171.0,161.3,162.3,167.7,164.7,175.6,174.9,177.5,174.7,161.7,162.4,150.1,161.5,163.3,150.0,145.8,139.3,132.9,105.6,99.6,-2.1†,,,,,,,,,,,,,,,,,,,,,,,,,,,,,,,,,,,,,,,,,,,,,,,,,,,,,,,,,,,,,,,,,,,,,,,,,,,,,,,,,,,,,,,,,,,,,,,
  Black or African American...........,219.5,281.4,324.4,339.0,304.3,279.7,276.8,280.6,288.1,290.0,291.6,273.5,281.1,253.7,253.0,243.8,244.4,255.3,240.1,236.6,219.9,208.2,181.4,170.0,-2.0†,,,,,,,,,,,,,,,,,,,,,,,,,,,,,,,,,,,,,,,,,,,,,,,,,,,,,,,,,,,,,,,,,,,,,,,,,,,,,,,,,,,,,,,,,,,,,,,
  American Indian or Alaska Native3..,98.3,114.9,123.5,147.4,86.8,93.5,111.7,106.4,84.3,102.6,71.5,102.5,96.9,113.1,90.1,94.4,92.0,100.2,83.7,92.1,83.8,66.6,62.0,58.9,-2.2†,,,,,,,,,,,,,,,,,,,,,,,,,,,,,,,,,,,,,,,,,,,,,,,,,,,,,,,,,,,,,,,,,,,,,,,,,,,,,,,,,,,,,,,,,,,,,,,
  Asian or Pacific Islander...........,88.6,108.4,125.9,124.4,114.0,104.7,95.8,97.4,94.3,107.5,108.1,110.3,104.2,105.2,103.6,95.8,97.8,101.5,87.9,84.7,79.2,79.6,63.9,56.7,-2.1†,,,,,,,,,,,,,,,,,,,,,,,,,,,,,,,,,,,,,,,,,,,,,,,,,,,,,,,,,,,,,,,,,,,,,,,,,,,,,,,,,,,,,,,,,,,,,,,
  Hispanic or Latino4................,119.2,138.8,162.4,163.5,150.7,141.2,141.4,143.6,149.9,152.4,150.6,148.6,153.0,139.3,150.7,132.8,134.0,133.2,127.1,124.0,118.9,110.2,94.5,83.1,-1.8†,,,,,,,,,,,,,,,,,,,,,,,,,,,,,,,,,,,,,,,,,,,,,,,,,,,,,,,,,,,,,,,,,,,,,,,,,,,,,,,,,,,,,,,,,,,,,,,
"  White, not Hispanic or Latino4.....",172.2,218.6,241.2,204.6,173.2,163.6,165.3,171.0,167.1,179.1,178.7,181.5,177.7,165.3,164.4,152.7,165.9,168.8,154.2,150.0,143.2,137.3,108.3,103.4,-2.0†,,,,,,,,,,,,,,,,,,,,,,,,,,,,,,,,,,,,,,,,,,,,,,,,,,,,,,,,,,,,,,,,,,,,,,,,,,,,,,,,,,,,,,,,,,,,,,,
,,,,,,,,,,,,,,,,,,,,,,,,,,,,,,,,,,,,,,,,,,,,,,,,,,,,,,,,,,,,,,,,,,,,,,,,,,,,,,,,,,,,,,,,,,,,,,,,,,,,,,,,,,,,,,,,,,,,,,,,
Breast,,,,,,,,,,,,,,,,,,,,,,,,,,,,,,,,,,,,,,,,,,,,,,,,,,,,,,,,,,,,,,,,,,,,,,,,,,,,,,,,,,,,,,,,,,,,,,,,,,,,,,,,,,,,,,,,,,,,,,,,
,,,,,,,,,,,,,,,,,,,,,,,,,,,,,,,,,,,,,,,,,,,,,,,,,,,,,,,,,,,,,,,,,,,,,,,,,,,,,,,,,,,,,,,,,,,,,,,,,,,,,,,,,,,,,,,,,,,,,,,,
Female..................................,129.4,130.7,130.0,127.2,128.8,130.9,132.1,136.1,139.1,138.5,134.2,135.8,132.8,124.2,124.9,124.5,122.9,126.1,126.2,127.7,123.5,126.7,126.3,126.2,-0.3†,,,,,,,,,,,,,,,,,,,,,,,,,,,,,,,,,,,,,,,,,,,,,,,,,,,,,,,,,,,,,,,,,,,,,,,,,,,,,,,,,,,,,,,,,,,,,,,
  White...............................,134.2,136.2,134.3,131.9,134.1,136.3,137.1,141.3,144.9,144.9,140.6,142.5,138.7,129.1,129.0,129.6,127.4,130.3,129.9,132.1,127.3,130.5,129.3,129.1,-0.3†,,,,,,,,,,,,,,,,,,,,,,,,,,,,,,,,,,,,,,,,,,,,,,,,,,,,,,,,,,,,,,,,,,,,,,,,,,,,,,,,,,,,,,,,,,,,,,,
  Black or African American...........,117.4,116.4,122.2,118.0,122.4,123.0,124.1,126.5,126.3,125.6,122.8,118.3,124.3,123.3,124.0,119.3,124.7,126.6,126.0,128.7,123.5,129.2,130.8,126.4,0.3†,,,,,,,,,,,,,,,,,,,,,,,,,,,,,,,,,,,,,,,,,,,,,,,,,,,,,,,,,,,,,,,,,,,,,,,,,,,,,,,,,,,,,,,,,,,,,,,
  American Indian or Alaska Native3..,69.6,73.1,98.7,98.2,87.4,96.7,118.4,85.1,92.6,85.9,100.2,97.1,82.1,94.1,102.0,105.6,89.2,89.8,90.2,99.3,91.7,105.3,97.2,89.7,0.3,,,,,,,,,,,,,,,,,,,,,,,,,,,,,,,,,,,,,,,,,,,,,,,,,,,,,,,,,,,,,,,,,,,,,,,,,,,,,,,,,,,,,,,,,,,,,,,
  Asian or Pacific Islander...........,88.1,83.2,90.7,86.8,83.5,88.4,91.8,101.5,101.3,100.5,94.9,101.8,100.8,92.2,97.3,95.7,92.8,100.0,102.5,99.9,100.7,102.7,104.3,107.4,0.7†,,,,,,,,,,,,,,,,,,,,,,,,,,,,,,,,,,,,,,,,,,,,,,,,,,,,,,,,,,,,,,,,,,,,,,,,,,,,,,,,,,,,,,,,,,,,,,,
  Hispanic or Latina4................,91.0,93.9,91.0,83.3,86.1,89.4,93.0,91.0,95.1,95.1,97.0,91.5,93.4,88.0,91.3,93.0,91.2,90.9,93.0,91.3,87.3,96.0,91.7,93.4,0.1,,,,,,,,,,,,,,,,,,,,,,,,,,,,,,,,,,,,,,,,,,,,,,,,,,,,,,,,,,,,,,,,,,,,,,,,,,,,,,,,,,,,,,,,,,,,,,,
"  White, not Hispanic or Latina4.....",138.6,140.6,138.8,137.3,139.6,141.9,142.7,148.1,151.7,152.1,147.0,150.4,145.8,135.8,135.6,136.2,133.7,137.5,136.7,140.1,135.5,137.4,137.1,137.0,-0.2,,,,,,,,,,,,,,,,,,,,,,,,,,,,,,,,,,,,,,,,,,,,,,,,,,,,,,,,,,,,,,,,,,,,,,,,,,,,,,,,,,,,,,,,,,,,,,,
,,,,,,,,,,,,,,,,,,,,,,,,,,,,,,,,,,,,,,,,,,,,,,,,,,,,,,,,,,,,,,,,,,,,,,,,,,,,,,,,,,,,,,,,,,,,,,,,,,,,,,,,,,,,,,,,,,,,,,,,
Cervix uteri,,,,,,,,,,,,,,,,,,,,,,,,,,,,,,,,,,,,,,,,,,,,,,,,,,,,,,,,,,,,,,,,,,,,,,,,,,,,,,,,,,,,,,,,,,,,,,,,,,,,,,,,,,,,,,,,,,,,,,,,
,,,,,,,,,,,,,,,,,,,,,,,,,,,,,,,,,,,,,,,,,,,,,,,,,,,,,,,,,,,,,,,,,,,,,,,,,,,,,,,,,,,,,,,,,,,,,,,,,,,,,,,,,,,,,,,,,,,,,,,,
Female..................................,11.9,10.8,11.0,10.7,10.5,9.9,10.7,9.8,9.8,9.4,8.9,8.8,8.4,8.2,7.9,7.9,7.6,7.5,7.6,7.4,7.2,7.0,6.9,6.6,-2.4†,,,,,,,,,,,,,,,,,,,,,,,,,,,,,,,,,,,,,,,,,,,,,,,,,,,,,,,,,,,,,,,,,,,,,,,,,,,,,,,,,,,,,,,,,,,,,,,
  White...............................,11.2,10.2,10.5,10.1,9.8,9.2,9.9,9.2,9.3,9.1,8.9,8.4,8.3,7.9,7.8,7.8,7.7,7.4,7.5,7.5,7.2,7.2,6.8,6.5,-2.1†,,,,,,,,,,,,,,,,,,,,,,,,,,,,,,,,,,,,,,,,,,,,,,,,,,,,,,,,,,,,,,,,,,,,,,,,,,,,,,,,,,,,,,,,,,,,,,,
  Black or African American...........,16.7,16.1,14.3,14.8,13.7,14.9,14.3,13.3,12.8,13.0,10.7,10.8,10.1,10.8,9.8,9.3,8.1,8.3,9.2,8.0,8.5,7.8,7.7,8.1,-3.5†,,,,,,,,,,,,,,,,,,,,,,,,,,,,,,,,,,,,,,,,,,,,,,,,,,,,,,,,,,,,,,,,,,,,,,,,,,,,,,,,,,,,,,,,,,,,,,,
  American Indian or Alaska Native3..,14.7,16.9,*,*,*,*,14.7,15.4,*,*,*,10.1,*,*,*,10.7,9.8,*,9.6,11.6,8.3,9.5,*,9.4,-1.9†,,,,,,,,,,,,,,,,,,,,,,,,,,,,,,,,,,,,,,,,,,,,,,,,,,,,,,,,,,,,,,,,,,,,,,,,,,,,,,,,,,,,,,,,,,,,,,,
  Asian or Pacific Islander...........,12.2,10.9,12.3,11.8,14.2,11.2,13.2,11.2,10.8,8.4,8.0,9.8,8.2,8.1,7.2,7.8,7.0,7.0,6.3,6.6,6.5,5.4,6.7,5.7,-3.8†,,,,,,,,,,,,,,,,,,,,,,,,,,,,,,,,,,,,,,,,,,,,,,,,,,,,,,,,,,,,,,,,,,,,,,,,,,,,,,,,,,,,,,,,,,,,,,,
  Hispanic or Latina4................,21.3,19.7,21.2,20.1,20.1,17.4,18.5,16.6,15.5,17.0,17.1,15.1,14.5,14.0,13.4,13.7,11.9,10.7,11.8,10.1,10.5,9.3,9.4,8.2,-3.9†,,,,,,,,,,,,,,,,,,,,,,,,,,,,,,,,,,,,,,,,,,,,,,,,,,,,,,,,,,,,,,,,,,,,,,,,,,,,,,,,,,,,,,,,,,,,,,,
"  White, not Hispanic or Latina4.....",9.7,8.6,8.8,8.5,8.1,7.8,8.5,7.9,8.1,7.6,7.1,6.9,7.0,6.5,6.6,6.4,6.7,6.5,6.4,6.6,6.2,6.5,6.0,5.9,-1.9†,,,,,,,,,,,,,,,,,,,,,,,,,,,,,,,,,,,,,,,,,,,,,,,,,,,,,,,,,,,,,,,,,,,,,,,,,,,,,,,,,,,,,,,,,,,,,,,
,,,,,,,,,,,,,,,,,,,,,,,,,,,,,,,,,,,,,,,,,,,,,,,,,,,,,,,,,,,,,,,,,,,,,,,,,,,,,,,,,,,,,,,,,,,,,,,,,,,,,,,,,,,,,,,,,,,,,,,,
"Corpus and uterus, not otherwise specified",,,,,,,,,,,,,,,,,,,,,,,,,,,,,,,,,,,,,,,,,,,,,,,,,,,,,,,,,,,,,,,,,,,,,,,,,,,,,,,,,,,,,,,,,,,,,,,,,,,,,,,,,,,,,,,,,,,,,,,,
,,,,,,,,,,,,,,,,,,,,,,,,,,,,,,,,,,,,,,,,,,,,,,,,,,,,,,,,,,,,,,,,,,,,,,,,,,,,,,,,,,,,,,,,,,,,,,,,,,,,,,,,,,,,,,,,,,,,,,,,
Female..................................,24.7,24.3,24.4,23.9,24.3,24.9,24.5,25.3,24.9,24.6,23.9,24.8,24.0,23.6,24.0,24.1,24.1,24.5,25.3,26.5,26.7,26.6,27.0,26.4,0.4†,,,,,,,,,,,,,,,,,,,,,,,,,,,,,,,,,,,,,,,,,,,,,,,,,,,,,,,,,,,,,,,,,,,,,,,,,,,,,,,,,,,,,,,,,,,,,,,
  White...............................,26.4,25.9,26.2,25.4,25.7,26.4,25.9,26.9,26.4,26.2,25.6,26.1,24.8,25.0,25.2,25.4,25.5,25.5,26.3,27.4,27.6,27.2,28.0,26.9,0.2†,,,,,,,,,,,,,,,,,,,,,,,,,,,,,,,,,,,,,,,,,,,,,,,,,,,,,,,,,,,,,,,,,,,,,,,,,,,,,,,,,,,,,,,,,,,,,,,
  Black or African American...........,17.0,17.1,16.1,17.8,18.3,17.9,19.3,18.2,18.8,18.5,17.4,20.6,22.5,20.3,20.8,21.5,19.2,23.2,24.0,25.7,24.6,27.7,25.1,27.0,2.2†,,,,,,,,,,,,,,,,,,,,,,,,,,,,,,,,,,,,,,,,,,,,,,,,,,,,,,,,,,,,,,,,,,,,,,,,,,,,,,,,,,,,,,,,,,,,,,,
  American Indian or Alaska Native3..,19.3,*,*,*,17.3,*,16.7,14.8,19.7,18.7,18.5,21.1,19.2,19.5,17.1,14.4,23.0,21.6,20.4,28.7,27.6,20.5,19.3,27.1,*,,,,,,,,,,,,,,,,,,,,,,,,,,,,,,,,,,,,,,,,,,,,,,,,,,,,,,,,,,,,,,,,,,,,,,,,,,,,,,,,,,,,,,,,,,,,,,,
  Asian or Pacific Islander...........,13.5,15.8,15.3,15.3,16.0,17.8,16.8,17.7,18.1,17.9,16.6,17.9,18.9,16.6,19.0,18.9,17.9,19.2,20.3,21.3,22.5,21.7,22.3,22.4,1.8†,,,,,,,,,,,,,,,,,,,,,,,,,,,,,,,,,,,,,,,,,,,,,,,,,,,,,,,,,,,,,,,,,,,,,,,,,,,,,,,,,,,,,,,,,,,,,,,
  Hispanic or Latina4................,17.7,18.2,16.6,16.4,16.2,16.5,16.5,17.3,18.0,16.9,15.8,17.3,17.3,17.8,19.8,19.3,18.2,19.2,19.1,20.9,20.4,22.1,23.9,23.3,1.6†,,,,,,,,,,,,,,,,,,,,,,,,,,,,,,,,,,,,,,,,,,,,,,,,,,,,,,,,,,,,,,,,,,,,,,,,,,,,,,,,,,,,,,,,,,,,,,,
"  White, not Hispanic or Latina4.....",27.1,26.7,27.1,26.4,26.8,27.5,27.0,28.0,27.5,27.4,26.9,27.3,25.8,26.0,25.8,26.2,26.6,26.4,27.4,28.3,28.6,27.7,28.4,27.2,0.1,,,,,,,,,,,,,,,,,,,,,,,,,,,,,,,,,,,,,,,,,,,,,,,,,,,,,,,,,,,,,,,,,,,,,,,,,,,,,,,,,,,,,,,,,,,,,,,
,,,,,,,,,,,,,,,,,,,,,,,,,,,,,,,,,,,,,,,,,,,,,,,,,,,,,,,,,,,,,,,,,,,,,,,,,,,,,,,,,,,,,,,,,,,,,,,,,,,,,,,,,,,,,,,,,,,,,,,,
Ovary,,,,,,,,,,,,,,,,,,,,,,,,,,,,,,,,,,,,,,,,,,,,,,,,,,,,,,,,,,,,,,,,,,,,,,,,,,,,,,,,,,,,,,,,,,,,,,,,,,,,,,,,,,,,,,,,,,,,,,,,
,,,,,,,,,,,,,,,,,,,,,,,,,,,,,,,,,,,,,,,,,,,,,,,,,,,,,,,,,,,,,,,,,,,,,,,,,,,,,,,,,,,,,,,,,,,,,,,,,,,,,,,,,,,,,,,,,,,,,,,,
Female..................................,15.6,15.3,14.9,15.2,14.4,14.6,14.0,14.2,14.1,14.3,14.2,14.2,13.9,13.6,13.2,13.2,12.9,13.1,13.0,12.7,12.5,12.2,12.3,11.4,-1.1†,,,,,,,,,,,,,,,,,,,,,,,,,,,,,,,,,,,,,,,,,,,,,,,,,,,,,,,,,,,,,,,,,,,,,,,,,,,,,,,,,,,,,,,,,,,,,,,
  White...............................,16.4,16.2,15.8,16.0,15.1,15.4,15.1,15.0,15.0,15.2,15.0,15.4,14.7,14.3,13.9,13.9,13.7,13.7,13.8,13.6,13.4,12.9,13.0,11.9,-1.1†,,,,,,,,,,,,,,,,,,,,,,,,,,,,,,,,,,,,,,,,,,,,,,,,,,,,,,,,,,,,,,,,,,,,,,,,,,,,,,,,,,,,,,,,,,,,,,,
  Black or African American...........,11.3,10.4,10.5,11.8,11.6,10.8,9.3,10.5,10.8,10.5,10.9,9.5,10.0,11.6,11.2,10.8,9.1,11.6,10.0,10.2,9.6,10.0,10.6,8.8,-0.5†,,,,,,,,,,,,,,,,,,,,,,,,,,,,,,,,,,,,,,,,,,,,,,,,,,,,,,,,,,,,,,,,,,,,,,,,,,,,,,,,,,,,,,,,,,,,,,,
  American Indian or Alaska Native3..,21.9,28.9,*,*,*,*,*,19.5,*,13.7,18.9,19.6,*,13.4,12.1,12.2,15.5,13.1,11.1,16.6,11.9,11.6,15.7,10.9,*,,,,,,,,,,,,,,,,,,,,,,,,,,,,,,,,,,,,,,,,,,,,,,,,,,,,,,,,,,,,,,,,,,,,,,,,,,,,,,,,,,,,,,,,,,,,,,,
  Asian or Pacific Islander...........,11.1,10.6,10.1,11.3,10.1,10.4,9.4,11.5,10.5,11.1,10.4,9.8,12.2,10.2,10.0,11.0,10.5,10.6,10.2,9.6,9.8,9.6,9.6,9.7,-0.5†,,,,,,,,,,,,,,,,,,,,,,,,,,,,,,,,,,,,,,,,,,,,,,,,,,,,,,,,,,,,,,,,,,,,,,,,,,,,,,,,,,,,,,,,,,,,,,,
  Hispanic or Latina4................,12.2,12.0,12.8,11.7,12.2,11.7,12.3,11.3,12.2,11.1,10.6,13.6,13.8,11.6,11.9,11.8,10.9,11.0,12.3,10.5,11.8,11.2,12.2,10.0,-0.4,,,,,,,,,,,,,,,,,,,,,,,,,,,,,,,,,,,,,,,,,,,,,,,,,,,,,,,,,,,,,,,,,,,,,,,,,,,,,,,,,,,,,,,,,,,,,,,
"  White, not Hispanic or Latina4.....",16.8,16.6,16.0,16.4,15.4,15.9,15.4,15.5,15.4,15.7,15.6,15.7,14.7,14.7,14.1,14.1,14.2,14.2,13.9,13.9,13.4,13.1,13.0,12.1,-1.1†,,,,,,,,,,,,,,,,,,,,,,,,,,,,,,,,,,,,,,,,,,,,,,,,,,,,,,,,,,,,,,,,,,,,,,,,,,,,,,,,,,,,,,,,,,,,,,,
,,,,,,,,,,,,,,,,,,,,,,,,,,,,,,,,,,,,,,,,,,,,,,,,,,,,,,,,,,,,,,,,,,,,,,,,,,,,,,,,,,,,,,,,,,,,,,,,,,,,,,,,,,,,,,,,,,,,,,,,
Oral cavity and pharynx,,,,,,,,,,,,,,,,,,,,,,,,,,,,,,,,,,,,,,,,,,,,,,,,,,,,,,,,,,,,,,,,,,,,,,,,,,,,,,,,,,,,,,,,,,,,,,,,,,,,,,,,,,,,,,,,,,,,,,,,
,,,,,,,,,,,,,,,,,,,,,,,,,,,,,,,,,,,,,,,,,,,,,,,,,,,,,,,,,,,,,,,,,,,,,,,,,,,,,,,,,,,,,,,,,,,,,,,,,,,,,,,,,,,,,,,,,,,,,,,,
Male..................................,18.5,17.7,18.0,17.7,17.2,16.5,17.2,16.8,16.4,15.4,15.8,15.1,15.7,15.2,15.3,15.1,14.9,15.4,15.8,15.9,15.5,15.9,15.6,16.3,-0.6†,,,,,,,,,,,,,,,,,,,,,,,,,,,,,,,,,,,,,,,,,,,,,,,,,,,,,,,,,,,,,,,,,,,,,,,,,,,,,,,,,,,,,,,,,,,,,,,
  White...............................,18.0,17.6,17.7,17.4,16.7,16.4,16.8,16.7,16.2,15.2,15.6,15.4,15.9,15.3,15.7,15.5,15.1,15.9,16.2,16.5,16.1,16.9,16.4,16.9,-0.3,,,,,,,,,,,,,,,,,,,,,,,,,,,,,,,,,,,,,,,,,,,,,,,,,,,,,,,,,,,,,,,,,,,,,,,,,,,,,,,,,,,,,,,,,,,,,,,
  Black or African American...........,25.4,21.4,23.5,23.0,23.7,22.3,22.8,19.5,21.5,20.0,19.4,18.4,18.1,17.6,16.0,15.9,16.2,15.9,14.6,15.2,13.8,13.9,14.0,14.2,-2.7†,,,,,,,,,,,,,,,,,,,,,,,,,,,,,,,,,,,,,,,,,,,,,,,,,,,,,,,,,,,,,,,,,,,,,,,,,,,,,,,,,,,,,,,,,,,,,,,
  American Indian or Alaska Native3..,*,*,*,*,25.4,*,*,19.4,21.7,19.3,*,*,*,16.3,*,10.4,*,13.0,*,10.0,21.3,16.0,15.4,12.8,*,,,,,,,,,,,,,,,,,,,,,,,,,,,,,,,,,,,,,,,,,,,,,,,,,,,,,,,,,,,,,,,,,,,,,,,,,,,,,,,,,,,,,,,,,,,,,,,
  Asian or Pacific Islander...........,14.9,13.0,13.7,12.6,13.9,11.8,14.2,14.7,13.0,11.5,13.7,10.1,12.9,11.9,11.3,11.5,11.1,11.1,13.0,11.8,11.7,10.9,10.7,12.5,-0.9†,,,,,,,,,,,,,,,,,,,,,,,,,,,,,,,,,,,,,,,,,,,,,,,,,,,,,,,,,,,,,,,,,,,,,,,,,,,,,,,,,,,,,,,,,,,,,,,
  Hispanic or Latino4................,10.7,11.1,11.3,10.5,11.4,12.3,11.6,11.0,10.0,10.1,9.1,9.1,9.7,8.8,10.3,9.8,7.7,9.5,10.4,11.4,8.9,10.8,10.0,8.9,-0.6†,,,,,,,,,,,,,,,,,,,,,,,,,,,,,,,,,,,,,,,,,,,,,,,,,,,,,,,,,,,,,,,,,,,,,,,,,,,,,,,,,,,,,,,,,,,,,,,
"  White, not Hispanic or Latino4.....",18.8,18.3,18.4,18.2,17.3,16.9,17.5,17.4,16.9,16.0,16.6,16.3,16.9,16.3,16.7,16.4,16.4,17.2,17.4,17.6,17.5,18.1,17.6,18.5,0.0,,,,,,,,,,,,,,,,,,,,,,,,,,,,,,,,,,,,,,,,,,,,,,,,,,,,,,,,,,,,,,,,,,,,,,,,,,,,,,,,,,,,,,,,,,,,,,,
,,,,,,,,,,,,,,,,,,,,,,,,,,,,,,,,,,,,,,,,,,,,,,,,,,,,,,,,,,,,,,,,,,,,,,,,,,,,,,,,,,,,,,,,,,,,,,,,,,,,,,,,,,,,,,,,,,,,,,,,
Female..................................,7.3,7.3,6.8,7.2,6.8,7.0,6.9,6.9,6.7,6.3,6.2,6.7,6.5,6.0,6.1,6.1,6.2,6.1,6.3,6.1,6.1,6.1,6.3,6.1,-0.8†,,,,,,,,,,,,,,,,,,,,,,,,,,,,,,,,,,,,,,,,,,,,,,,,,,,,,,,,,,,,,,,,,,,,,,,,,,,,,,,,,,,,,,,,,,,,,,,
  White...............................,7.4,7.3,6.8,7.3,6.8,7.1,6.8,6.9,6.8,6.2,6.2,6.7,6.5,5.9,6.1,6.0,6.3,6.1,6.4,6.2,6.3,6.3,6.5,6.3,-0.7†,,,,,,,,,,,,,,,,,,,,,,,,,,,,,,,,,,,,,,,,,,,,,,,,,,,,,,,,,,,,,,,,,,,,,,,,,,,,,,,,,,,,,,,,,,,,,,,
  Black or African American...........,6.4,7.0,6.5,7.3,7.1,6.7,7.5,7.1,6.7,6.1,5.4,6.6,6.3,6.7,6.0,6.9,5.5,5.7,5.0,6.1,5.4,5.2,4.5,5.2,-1.5†,,,,,,,,,,,,,,,,,,,,,,,,,,,,,,,,,,,,,,,,,,,,,,,,,,,,,,,,,,,,,,,,,,,,,,,,,,,,,,,,,,,,,,,,,,,,,,,
  American Indian or Alaska Native3..,*,*,*,*,*,*,*,*,*,*,*,*,*,*,*,*,*,*,*,*,*,*,7.4,8.8,*,,,,,,,,,,,,,,,,,,,,,,,,,,,,,,,,,,,,,,,,,,,,,,,,,,,,,,,,,,,,,,,,,,,,,,,,,,,,,,,,,,,,,,,,,,,,,,,
  Asian or Pacific Islander...........,6.1,6.7,6.3,6.0,5.7,5.2,6.0,6.6,4.6,6.6,6.3,5.8,6.0,5.1,5.9,5.9,5.4,5.4,5.7,4.7,5.2,4.8,5.9,5.2,-0.8†,,,,,,,,,,,,,,,,,,,,,,,,,,,,,,,,,,,,,,,,,,,,,,,,,,,,,,,,,,,,,,,,,,,,,,,,,,,,,,,,,,,,,,,,,,,,,,,
  Hispanic or Latina4................,4.0,3.9,4.3,5.3,4.6,3.7,4.0,4.1,3.7,4.8,3.7,4.2,3.7,3.9,3.4,3.5,4.0,4.2,4.4,4.2,4.2,3.7,3.9,4.1,-0.3,,,,,,,,,,,,,,,,,,,,,,,,,,,,,,,,,,,,,,,,,,,,,,,,,,,,,,,,,,,,,,,,,,,,,,,,,,,,,,,,,,,,,,,,,,,,,,,
"  White, not Hispanic or Latina4.....",7.8,7.7,7.1,7.5,7.1,7.5,7.2,7.3,7.2,6.5,6.6,7.0,7.0,6.2,6.6,6.4,6.7,6.5,6.8,6.6,6.7,6.9,7.0,6.8,-0.6†,,,,,,,,,,,,,,,,,,,,,,,,,,,,,,,,,,,,,,,,,,,,,,,,,,,,,,,,,,,,,,,,,,,,,,,,,,,,,,,,,,,,,,,,,,,,,,,
,,,,,,,,,,,,,,,,,,,,,,,,,,,,,,,,,,,,,,,,,,,,,,,,,,,,,,,,,,,,,,,,,,,,,,,,,,,,,,,,,,,,,,,,,,,,,,,,,,,,,,,,,,,,,,,,,,,,,,,,
Stomach,,,,,,,,,,,,,,,,,,,,,,,,,,,,,,,,,,,,,,,,,,,,,,,,,,,,,,,,,,,,,,,,,,,,,,,,,,,,,,,,,,,,,,,,,,,,,,,,,,,,,,,,,,,,,,,,,,,,,,,,
,,,,,,,,,,,,,,,,,,,,,,,,,,,,,,,,,,,,,,,,,,,,,,,,,,,,,,,,,,,,,,,,,,,,,,,,,,,,,,,,,,,,,,,,,,,,,,,,,,,,,,,,,,,,,,,,,,,,,,,,
Male..................................,14.6,14.7,14.3,14.3,14.2,13.5,13.7,13.4,12.8,12.8,12.6,11.9,12.0,11.8,11.9,11.4,11.3,11.4,10.6,11.3,10.5,10.6,10.1,10.0,-1.7†,,,,,,,,,,,,,,,,,,,,,,,,,,,,,,,,,,,,,,,,,,,,,,,,,,,,,,,,,,,,,,,,,,,,,,,,,,,,,,,,,,,,,,,,,,,,,,,
  White...............................,12.8,12.7,12.4,12.3,12.2,11.9,11.8,11.3,11.0,11.2,10.6,10.3,10.4,10.1,10.3,9.6,9.8,9.8,9.3,9.9,9.3,9.5,8.8,8.7,-1.6†,,,,,,,,,,,,,,,,,,,,,,,,,,,,,,,,,,,,,,,,,,,,,,,,,,,,,,,,,,,,,,,,,,,,,,,,,,,,,,,,,,,,,,,,,,,,,,,
  Black or African American...........,21.5,24.4,20.8,20.6,23.0,18.6,22.5,22.2,20.5,17.0,18.6,17.6,15.9,18.7,16.5,17.4,16.6,17.3,16.8,15.7,13.3,14.1,14.8,14.2,-2.1†,,,,,,,,,,,,,,,,,,,,,,,,,,,,,,,,,,,,,,,,,,,,,,,,,,,,,,,,,,,,,,,,,,,,,,,,,,,,,,,,,,,,,,,,,,,,,,,
  American Indian or Alaska Native3..,*,*,*,25.2,*,24.1,*,23.3,24.2,25.9,20.2,23.6,25.3,*,25.3,20.8,20.8,21.0,12.7,16.6,20.7,21.2,16.1,22.8,-0.3,,,,,,,,,,,,,,,,,,,,,,,,,,,,,,,,,,,,,,,,,,,,,,,,,,,,,,,,,,,,,,,,,,,,,,,,,,,,,,,,,,,,,,,,,,,,,,,
  Asian or Pacific Islander...........,26.8,25.8,28.0,28.3,24.6,24.5,23.4,25.0,21.3,22.6,23.0,19.2,20.5,19.2,20.2,20.2,18.1,18.0,15.7,17.1,15.3,14.2,14.9,14.3,-2.9†,,,,,,,,,,,,,,,,,,,,,,,,,,,,,,,,,,,,,,,,,,,,,,,,,,,,,,,,,,,,,,,,,,,,,,,,,,,,,,,,,,,,,,,,,,,,,,,
  Hispanic or Latino4................,20.2,19.8,19.4,20.2,21.6,19.3,17.3,19.1,19.2,20.1,16.1,15.9,16.4,16.2,17.0,15.5,15.6,17.3,16.0,16.1,14.9,14.2,13.0,12.1,-1.9†,,,,,,,,,,,,,,,,,,,,,,,,,,,,,,,,,,,,,,,,,,,,,,,,,,,,,,,,,,,,,,,,,,,,,,,,,,,,,,,,,,,,,,,,,,,,,,,
"  White, not Hispanic or Latino4.....",12.1,12.0,11.6,11.4,11.2,11.1,11.2,10.4,10.1,10.1,10.0,9.4,9.6,9.2,9.3,8.7,8.7,8.6,8.2,8.7,8.3,8.5,7.9,7.8,-1.9†,,,,,,,,,,,,,,,,,,,,,,,,,,,,,,,,,,,,,,,,,,,,,,,,,,,,,,,,,,,,,,,,,,,,,,,,,,,,,,,,,,,,,,,,,,,,,,,
,,,,,,,,,,,,,,,,,,,,,,,,,,,,,,,,,,,,,,,,,,,,,,,,,,,,,,,,,,,,,,,,,,,,,,,,,,,,,,,,,,,,,,,,,,,,,,,,,,,,,,,,,,,,,,,,,,,,,,,,
Stomach,,,,,,,,,,,,,,,,,,,,,,,,,,,,,,,,,,,,,,,,,,,,,,,,,,,,,,,,,,,,,,,,,,,,,,,,,,,,,,,,,,,,,,,,,,,,,,,,,,,,,,,,,,,,,,,,,,,,,,,,
,,,,,,,,,,,,,,,,,,,,,,,,,,,,,,,,,,,,,,,,,,,,,,,,,,,,,,,,,,,,,,,,,,,,,,,,,,,,,,,,,,,,,,,,,,,,,,,,,,,,,,,,,,,,,,,,,,,,,,,,
Female..................................,6.7,7.0,6.6,6.4,6.2,6.2,6.1,6.1,6.4,6.6,6.1,5.8,6.2,6.0,6.0,5.7,5.9,5.6,5.6,5.8,5.7,5.6,5.9,5.4,-0.8†,,,,,,,,,,,,,,,,,,,,,,,,,,,,,,,,,,,,,,,,,,,,,,,,,,,,,,,,,,,,,,,,,,,,,,,,,,,,,,,,,,,,,,,,,,,,,,,
  White...............................,5.7,5.9,5.6,5.4,5.0,5.1,5.1,4.9,5.2,5.5,5.0,4.7,5.1,5.0,5.0,4.7,5.0,4.6,4.6,4.5,4.7,4.8,5.0,4.5,-0.8†,,,,,,,,,,,,,,,,,,,,,,,,,,,,,,,,,,,,,,,,,,,,,,,,,,,,,,,,,,,,,,,,,,,,,,,,,,,,,,,,,,,,,,,,,,,,,,,
  Black or African American...........,10.0,11.2,9.2,9.1,9.9,9.8,9.1,10.9,10.9,10.6,8.7,9.0,9.9,9.5,7.6,8.1,9.6,7.7,8.1,8.9,8.5,9.4,8.1,6.9,-1.2†,,,,,,,,,,,,,,,,,,,,,,,,,,,,,,,,,,,,,,,,,,,,,,,,,,,,,,,,,,,,,,,,,,,,,,,,,,,,,,,,,,,,,,,,,,,,,,,
  American Indian or Alaska Native3..,*,*,*,*,*,*,*,*,*,18.2,*,*,17.2,*,*,*,*,11.5,*,9.9,13.0,*,12.1,12.3,*,,,,,,,,,,,,,,,,,,,,,,,,,,,,,,,,,,,,,,,,,,,,,,,,,,,,,,,,,,,,,,,,,,,,,,,,,,,,,,,,,,,,,,,,,,,,,,,
  Asian or Pacific Islander...........,15.4,15.4,14.7,15.4,15.1,13.0,13.8,12.1,13.0,12.1,12.9,12.3,11.5,11.1,11.5,10.3,9.1,10.5,9.9,10.8,8.9,7.8,8.8,8.8,-2.7†,,,,,,,,,,,,,,,,,,,,,,,,,,,,,,,,,,,,,,,,,,,,,,,,,,,,,,,,,,,,,,,,,,,,,,,,,,,,,,,,,,,,,,,,,,,,,,,
  Hispanic or Latina4................,10.8,11.1,11.1,10.9,9.2,11.2,10.3,10.0,11.0,9.6,10.6,10.2,10.7,10.3,10.2,10.2,9.8,9.2,8.5,8.3,9.4,8.8,9.6,8.8,-1.0†,,,,,,,,,,,,,,,,,,,,,,,,,,,,,,,,,,,,,,,,,,,,,,,,,,,,,,,,,,,,,,,,,,,,,,,,,,,,,,,,,,,,,,,,,,,,,,,
"  White, not Hispanic or Latina4.....",5.1,5.4,5.0,4.7,4.5,4.5,4.4,4.3,4.5,4.9,4.2,3.8,4.2,4.1,4.1,3.8,4.1,3.7,3.7,3.8,3.6,3.9,3.9,3.5,-1.5†,,,,,,,,,,,,,,,,,,,,,,,,,,,,,,,,,,,,,,,,,,,,,,,,,,,,,,,,,,,,,,,,,,,,,,,,,,,,,,,,,,,,,,,,,,,,,,,
,,,,,,,,,,,,,,,,,,,,,,,,,,,,,,,,,,,,,,,,,,,,,,,,,,,,,,,,,,,,,,,,,,,,,,,,,,,,,,,,,,,,,,,,,,,,,,,,,,,,,,,,,,,,,,,,,,,,,,,,
Pancreas,,,,,,,,,,,,,,,,,,,,,,,,,,,,,,,,,,,,,,,,,,,,,,,,,,,,,,,,,,,,,,,,,,,,,,,,,,,,,,,,,,,,,,,,,,,,,,,,,,,,,,,,,,,,,,,,,,,,,,,,
,,,,,,,,,,,,,,,,,,,,,,,,,,,,,,,,,,,,,,,,,,,,,,,,,,,,,,,,,,,,,,,,,,,,,,,,,,,,,,,,,,,,,,,,,,,,,,,,,,,,,,,,,,,,,,,,,,,,,,,,
Male..................................,13.0,12.7,12.8,12.6,13.1,12.8,12.5,12.9,12.9,12.5,12.8,12.8,12.8,12.5,13.5,13.7,13.7,13.9,14.0,14.1,13.7,14.2,14.0,14.1,0.6†,,,,,,,,,,,,,,,,,,,,,,,,,,,,,,,,,,,,,,,,,,,,,,,,,,,,,,,,,,,,,,,,,,,,,,,,,,,,,,,,,,,,,,,,,,,,,,,
  White...............................,12.7,12.6,12.6,12.2,12.4,12.4,12.2,12.6,12.8,12.4,12.6,12.9,13.0,12.3,13.2,13.4,13.9,13.9,13.7,14.1,13.5,14.2,14.5,14.0,0.7†,,,,,,,,,,,,,,,,,,,,,,,,,,,,,,,,,,,,,,,,,,,,,,,,,,,,,,,,,,,,,,,,,,,,,,,,,,,,,,,,,,,,,,,,,,,,,,,
  Black or African American...........,19.3,17.9,18.8,18.4,19.0,19.1,18.9,18.1,17.5,18.4,18.2,15.6,13.9,17.4,18.2,18.3,17.2,16.4,18.5,18.9,18.6,17.0,16.1,17.8,-0.3,,,,,,,,,,,,,,,,,,,,,,,,,,,,,,,,,,,,,,,,,,,,,,,,,,,,,,,,,,,,,,,,,,,,,,,,,,,,,,,,,,,,,,,,,,,,,,,
  American Indian or Alaska Native3..,*,*,*,*,*,*,*,*,*,*,*,*,*,*,*,21.2,*,16.8,16.0,13.7,17.4,17.7,*,13.0,*,,,,,,,,,,,,,,,,,,,,,,,,,,,,,,,,,,,,,,,,,,,,,,,,,,,,,,,,,,,,,,,,,,,,,,,,,,,,,,,,,,,,,,,,,,,,,,,
  Asian or Pacific Islander...........,11.0,10.3,10.7,11.9,14.3,10.3,10.6,12.1,10.6,9.2,10.7,10.0,9.9,10.2,12.1,11.8,10.4,11.8,11.9,10.7,11.4,12.2,10.3,12.1,0.2,,,,,,,,,,,,,,,,,,,,,,,,,,,,,,,,,,,,,,,,,,,,,,,,,,,,,,,,,,,,,,,,,,,,,,,,,,,,,,,,,,,,,,,,,,,,,,,
  Hispanic or Latino4................,10.7,9.9,11.3,10.4,9.7,12.0,11.4,11.7,9.9,9.3,12.2,9.6,10.9,10.1,11.4,12.3,12.9,11.9,11.6,13.5,11.5,13.4,10.7,11.8,0.7†,,,,,,,,,,,,,,,,,,,,,,,,,,,,,,,,,,,,,,,,,,,,,,,,,,,,,,,,,,,,,,,,,,,,,,,,,,,,,,,,,,,,,,,,,,,,,,,
"  White, not Hispanic or Latino4.....",12.8,12.8,12.7,12.3,12.7,12.4,12.3,12.7,13.1,12.7,12.7,13.3,13.2,12.7,13.4,13.6,14.0,14.2,14.1,14.2,13.8,14.3,15.0,14.3,0.7†,,,,,,,,,,,,,,,,,,,,,,,,,,,,,,,,,,,,,,,,,,,,,,,,,,,,,,,,,,,,,,,,,,,,,,,,,,,,,,,,,,,,,,,,,,,,,,,
,,,,,,,,,,,,,,,,,,,,,,,,,,,,,,,,,,,,,,,,,,,,,,,,,,,,,,,,,,,,,,,,,,,,,,,,,,,,,,,,,,,,,,,,,,,,,,,,,,,,,,,,,,,,,,,,,,,,,,,,
Female..................................,10.0,10.3,10.0,9.9,9.9,9.9,10.1,10.1,10.1,9.6,9.9,9.8,10.5,10.4,10.4,10.8,10.9,10.7,10.9,11.3,11.2,10.6,11.3,11.0,0.6†,,,,,,,,,,,,,,,,,,,,,,,,,,,,,,,,,,,,,,,,,,,,,,,,,,,,,,,,,,,,,,,,,,,,,,,,,,,,,,,,,,,,,,,,,,,,,,,
  White...............................,9.7,10.0,9.7,9.5,9.7,9.6,9.7,9.7,9.9,9.3,9.6,9.5,10.1,10.2,10.2,10.6,10.6,10.5,10.6,11.1,10.9,10.4,11.0,11.0,0.7†,,,,,,,,,,,,,,,,,,,,,,,,,,,,,,,,,,,,,,,,,,,,,,,,,,,,,,,,,,,,,,,,,,,,,,,,,,,,,,,,,,,,,,,,,,,,,,,
  Black or African American...........,12.9,15.7,16.0,15.9,15.0,15.5,15.3,16.8,13.7,13.4,12.8,13.7,15.9,14.4,14.6,16.4,15.5,14.6,15.3,14.7,15.1,15.1,15.1,13.3,-0.1,,,,,,,,,,,,,,,,,,,,,,,,,,,,,,,,,,,,,,,,,,,,,,,,,,,,,,,,,,,,,,,,,,,,,,,,,,,,,,,,,,,,,,,,,,,,,,,
  American Indian or Alaska Native3..,*,*,*,*,*,*,*,20.2,*,*,20.4,*,*,*,*,12.4,20.1,13.2,12.6,11.4,12.9,*,12.1,*,*,,,,,,,,,,,,,,,,,,,,,,,,,,,,,,,,,,,,,,,,,,,,,,,,,,,,,,,,,,,,,,,,,,,,,,,,,,,,,,,,,,,,,,,,,,,,,,,
  Asian or Pacific Islander...........,9.9,8.5,7.2,8.1,6.7,8.1,7.9,8.4,8.6,8.6,9.2,9.3,9.1,8.1,9.1,8.0,9.5,8.8,9.3,9.7,10.5,9.1,10.3,9.4,1.0†,,,,,,,,,,,,,,,,,,,,,,,,,,,,,,,,,,,,,,,,,,,,,,,,,,,,,,,,,,,,,,,,,,,,,,,,,,,,,,,,,,,,,,,,,,,,,,,
  Hispanic or Latina4................,9.9,10.7,9.3,10.0,9.8,9.0,9.0,9.9,10.1,9.8,9.1,10.0,11.1,8.6,9.3,11.1,9.7,10.6,9.6,9.6,9.9,10.2,10.4,11.2,0.3,,,,,,,,,,,,,,,,,,,,,,,,,,,,,,,,,,,,,,,,,,,,,,,,,,,,,,,,,,,,,,,,,,,,,,,,,,,,,,,,,,,,,,,,,,,,,,,
"  White, not Hispanic or Latina4.....",9.7,9.8,9.7,9.5,9.7,9.7,9.8,9.6,9.8,9.3,9.6,9.4,10.0,10.5,10.3,10.6,10.7,10.4,10.8,11.4,11.1,10.4,11.1,10.9,0.7†,,,,,,,,,,,,,,,,,,,,,,,,,,,,,,,,,,,,,,,,,,,,,,,,,,,,,,,,,,,,,,,,,,,,,,,,,,,,,,,,,,,,,,,,,,,,,,,
,,,,,,,,,,,,,,,,,,,,,,,,,,,,,,,,,,,,,,,,,,,,,,,,,,,,,,,,,,,,,,,,,,,,,,,,,,,,,,,,,,,,,,,,,,,,,,,,,,,,,,,,,,,,,,,,,,,,,,,,
Urinary bladder,,,,,,,,,,,,,,,,,,,,,,,,,,,,,,,,,,,,,,,,,,,,,,,,,,,,,,,,,,,,,,,,,,,,,,,,,,,,,,,,,,,,,,,,,,,,,,,,,,,,,,,,,,,,,,,,,,,,,,,,
,,,,,,,,,,,,,,,,,,,,,,,,,,,,,,,,,,,,,,,,,,,,,,,,,,,,,,,,,,,,,,,,,,,,,,,,,,,,,,,,,,,,,,,,,,,,,,,,,,,,,,,,,,,,,,,,,,,,,,,,
Male..................................,37.2,37.4,36.9,36.8,36.1,35.4,35.9,36.0,36.8,36.6,36.8,37.0,35.8,37.0,37.1,37.0,36.1,37.5,35.7,35.2,35.9,33.9,34.2,32.7,-0.3†,,,,,,,,,,,,,,,,,,,,,,,,,,,,,,,,,,,,,,,,,,,,,,,,,,,,,,,,,,,,,,,,,,,,,,,,,,,,,,,,,,,,,,,,,,,,,,,
  White...............................,40.7,41.2,40.5,39.9,39.6,38.8,39.5,39.7,40.7,40.2,40.8,41.2,39.3,40.8,41.0,40.9,39.8,41.6,39.2,38.6,40.0,38.1,38.0,36.2,-0.2†,,,,,,,,,,,,,,,,,,,,,,,,,,,,,,,,,,,,,,,,,,,,,,,,,,,,,,,,,,,,,,,,,,,,,,,,,,,,,,,,,,,,,,,,,,,,,,,
  Black or African American...........,19.7,21.3,18.4,23.9,19.9,19.7,20.0,21.6,21.0,22.2,20.2,19.7,21.0,23.2,23.2,23.2,20.5,21.9,22.9,22.4,22.2,20.7,23.3,22.6,0.5†,,,,,,,,,,,,,,,,,,,,,,,,,,,,,,,,,,,,,,,,,,,,,,,,,,,,,,,,,,,,,,,,,,,,,,,,,,,,,,,,,,,,,,,,,,,,,,,
  American Indian or Alaska Native3..,*,*,*,*,*,*,*,*,*,25.8,*,*,*,*,14.5,16.8,14.0,*,23.0,20.2,17.4,17.7,*,13.7,*,,,,,,,,,,,,,,,,,,,,,,,,,,,,,,,,,,,,,,,,,,,,,,,,,,,,,,,,,,,,,,,,,,,,,,,,,,,,,,,,,,,,,,,,,,,,,,,
  Asian or Pacific Islander...........,15.4,12.9,17.0,16.8,15.9,17.2,16.1,15.7,16.2,17.6,16.9,17.1,19.7,18.1,17.4,17.5,18.9,18.4,18.4,17.9,17.3,14.9,16.4,15.5,0.2,,,,,,,,,,,,,,,,,,,,,,,,,,,,,,,,,,,,,,,,,,,,,,,,,,,,,,,,,,,,,,,,,,,,,,,,,,,,,,,,,,,,,,,,,,,,,,,
  Hispanic or Latino4................,22.4,19.9,20.2,20.9,21.5,17.8,18.5,18.8,18.3,19.8,20.4,22.0,21.2,20.2,20.0,20.2,20.7,20.8,17.5,19.3,18.5,19.9,18.8,18.1,-0.4,,,,,,,,,,,,,,,,,,,,,,,,,,,,,,,,,,,,,,,,,,,,,,,,,,,,,,,,,,,,,,,,,,,,,,,,,,,,,,,,,,,,,,,,,,,,,,,
"  White, not Hispanic or Latino4.....",42.4,43.1,42.4,41.7,41.4,40.9,41.6,42.0,43.2,42.4,43.2,43.5,41.6,43.4,43.8,43.6,42.4,44.5,42.3,41.5,43.2,41.0,41.0,39.3,-0.1,,,,,,,,,,,,,,,,,,,,,,,,,,,,,,,,,,,,,,,,,,,,,,,,,,,,,,,,,,,,,,,,,,,,,,,,,,,,,,,,,,,,,,,,,,,,,,,
,,,,,,,,,,,,,,,,,,,,,,,,,,,,,,,,,,,,,,,,,,,,,,,,,,,,,,,,,,,,,,,,,,,,,,,,,,,,,,,,,,,,,,,,,,,,,,,,,,,,,,,,,,,,,,,,,,,,,,,,
Female..................................,9.5,9.2,9.4,9.4,9.1,9.3,9.0,9.3,9.0,9.3,9.1,9.1,9.1,9.2,9.2,9.0,8.8,8.6,8.8,8.4,8.6,8.3,8.3,7.8,-0.6†,,,,,,,,,,,,,,,,,,,,,,,,,,,,,,,,,,,,,,,,,,,,,,,,,,,,,,,,,,,,,,,,,,,,,,,,,,,,,,,,,,,,,,,,,,,,,,,
  White...............................,10.0,9.8,10.1,10.1,9.8,10.1,9.8,10.0,9.8,10.0,10.0,10.0,10.0,10.0,10.1,9.7,9.6,9.4,9.7,9.2,9.4,9.1,9.3,8.5,-0.5†,,,,,,,,,,,,,,,,,,,,,,,,,,,,,,,,,,,,,,,,,,,,,,,,,,,,,,,,,,,,,,,,,,,,,,,,,,,,,,,,,,,,,,,,,,,,,,,
  Black or African American...........,8.7,8.5,7.2,7.7,6.9,7.3,7.0,8.6,6.7,8.8,7.8,7.2,8.5,7.8,8.3,7.9,8.6,7.6,6.5,7.0,7.0,7.1,6.0,7.7,-0.5,,,,,,,,,,,,,,,,,,,,,,,,,,,,,,,,,,,,,,,,,,,,,,,,,,,,,,,,,,,,,,,,,,,,,,,,,,,,,,,,,,,,,,,,,,,,,,,
  American Indian or Alaska Native3..,*,*,*,*,*,*,*,*,*,*,*,*,*,*,*,*,*,*,*,*,*,*,*,*,*,,,,,,,,,,,,,,,,,,,,,,,,,,,,,,,,,,,,,,,,,,,,,,,,,,,,,,,,,,,,,,,,,,,,,,,,,,,,,,,,,,,,,,,,,,,,,,,
  Asian or Pacific Islander...........,5.2,4.0,4.9,3.9,4.0,4.5,3.7,5.1,4.7,4.1,4.3,4.6,3.4,5.0,3.9,5.2,3.9,3.8,5.1,4.0,4.7,4.4,4.1,3.8,-0.3,,,,,,,,,,,,,,,,,,,,,,,,,,,,,,,,,,,,,,,,,,,,,,,,,,,,,,,,,,,,,,,,,,,,,,,,,,,,,,,,,,,,,,,,,,,,,,,
  Hispanic or Latina4................,5.8,5.4,5.9,5.5,5.5,5.3,5.9,5.4,5.1,4.8,5.8,5.2,6.4,4.7,5.6,5.9,5.6,5.3,5.6,5.1,4.7,5.6,4.8,4.4,-0.6†,,,,,,,,,,,,,,,,,,,,,,,,,,,,,,,,,,,,,,,,,,,,,,,,,,,,,,,,,,,,,,,,,,,,,,,,,,,,,,,,,,,,,,,,,,,,,,,
"  White, not Hispanic or Latina4.....",10.3,10.3,10.5,10.6,10.3,10.6,10.3,10.6,10.3,10.6,10.5,10.6,10.5,10.8,10.7,10.3,10.2,10.1,10.4,9.9,10.2,9.8,10.1,9.3,-0.3†,,,,,,,,,,,,,,,,,,,,,,,,,,,,,,,,,,,,,,,,,,,,,,,,,,,,,,,,,,,,,,,,,,,,,,,,,,,,,,,,,,,,,,,,,,,,,,,
,,,,,,,,,,,,,,,,,,,,,,,,,,,,,,,,,,,,,,,,,,,,,,,,,,,,,,,,,,,,,,,,,,,,,,,,,,,,,,,,,,,,,,,,,,,,,,,,,,,,,,,,,,,,,,,,,,,,,,,,
Non-Hodgkin lymphoma,,,,,,,,,,,,,,,,,,,,,,,,,,,,,,,,,,,,,,,,,,,,,,,,,,,,,,,,,,,,,,,,,,,,,,,,,,,,,,,,,,,,,,,,,,,,,,,,,,,,,,,,,,,,,,,,,,,,,,,,
,,,,,,,,,,,,,,,,,,,,,,,,,,,,,,,,,,,,,,,,,,,,,,,,,,,,,,,,,,,,,,,,,,,,,,,,,,,,,,,,,,,,,,,,,,,,,,,,,,,,,,,,,,,,,,,,,,,,,,,,
Male..................................,22.6,23.2,23.3,23.4,24.8,25.1,24.6,23.9,23.0,24.4,23.6,24.0,23.8,24.3,25.1,24.7,24.0,25.1,24.8,24.9,25.4,23.7,23.6,23.6,0.1,,,,,,,,,,,,,,,,,,,,,,,,,,,,,,,,,,,,,,,,,,,,,,,,,,,,,,,,,,,,,,,,,,,,,,,,,,,,,,,,,,,,,,,,,,,,,,,
  White...............................,23.6,24.5,24.4,24.5,25.8,26.2,25.8,24.8,24.2,25.4,25.0,25.2,25.1,25.7,26.3,25.9,25.6,26.8,26.2,26.3,26.6,25.0,24.9,24.7,0.2†,,,,,,,,,,,,,,,,,,,,,,,,,,,,,,,,,,,,,,,,,,,,,,,,,,,,,,,,,,,,,,,,,,,,,,,,,,,,,,,,,,,,,,,,,,,,,,,
  Black or African American...........,17.7,17.2,19.1,17.7,20.5,21.7,19.3,23.0,17.6,18.7,17.6,18.2,18.0,19.4,22.3,19.6,19.6,18.3,18.9,19.3,21.4,17.4,17.4,17.6,-0.1,,,,,,,,,,,,,,,,,,,,,,,,,,,,,,,,,,,,,,,,,,,,,,,,,,,,,,,,,,,,,,,,,,,,,,,,,,,,,,,,,,,,,,,,,,,,,,,
  American Indian or Alaska Native3..,*,*,*,*,*,*,*,*,*,15.9,15.3,20.9,16.6,*,*,23.2,13.9,15.0,13.7,20.3,19.6,10.8,13.8,10.4,*,,,,,,,,,,,,,,,,,,,,,,,,,,,,,,,,,,,,,,,,,,,,,,,,,,,,,,,,,,,,,,,,,,,,,,,,,,,,,,,,,,,,,,,,,,,,,,,
  Asian or Pacific Islander...........,16.7,16.0,16.4,15.9,18.2,16.5,16.9,16.7,15.7,19.2,16.4,18.1,16.5,16.4,16.8,17.9,15.5,16.8,18.3,17.2,17.5,18.1,17.6,17.9,0.3,,,,,,,,,,,,,,,,,,,,,,,,,,,,,,,,,,,,,,,,,,,,,,,,,,,,,,,,,,,,,,,,,,,,,,,,,,,,,,,,,,,,,,,,,,,,,,,
  Hispanic or Latino4................,17.3,17.9,21.9,17.9,19.0,21.0,21.5,18.5,20.2,18.2,20.5,18.6,20.6,19.5,21.5,19.9,19.2,20.9,21.0,20.4,22.8,19.9,19.4,19.6,0.3,,,,,,,,,,,,,,,,,,,,,,,,,,,,,,,,,,,,,,,,,,,,,,,,,,,,,,,,,,,,,,,,,,,,,,,,,,,,,,,,,,,,,,,,,,,,,,,
"  White, not Hispanic or Latino4.....",24.3,25.2,24.6,25.0,26.5,26.7,26.2,25.5,24.7,26.3,25.5,26.0,25.7,26.5,26.9,27.0,26.5,27.8,27.0,27.4,27.2,25.7,25.9,25.7,0.3†,,,,,,,,,,,,,,,,,,,,,,,,,,,,,,,,,,,,,,,,,,,,,,,,,,,,,,,,,,,,,,,,,,,,,,,,,,,,,,,,,,,,,,,,,,,,,,,
,,,,,,,,,,,,,,,,,,,,,,,,,,,,,,,,,,,,,,,,,,,,,,,,,,,,,,,,,,,,,,,,,,,,,,,,,,,,,,,,,,,,,,,,,,,,,,,,,,,,,,,,,,,,,,,,,,,,,,,,
Female..................................,14.5,14.4,14.6,14.5,15.3,15.2,15.2,16.0,16.4,16.2,16.0,16.2,16.5,17.2,17.4,16.5,16.9,16.8,16.6,17.1,17.0,15.8,16.1,15.6,0.5†,,,,,,,,,,,,,,,,,,,,,,,,,,,,,,,,,,,,,,,,,,,,,,,,,,,,,,,,,,,,,,,,,,,,,,,,,,,,,,,,,,,,,,,,,,,,,,,
  White...............................,15.4,15.1,15.6,15.3,16.2,15.9,16.0,16.8,17.2,17.3,16.9,17.0,17.5,18.0,18.4,17.7,18.1,17.9,17.4,18.1,18.1,16.6,17.1,16.5,0.6†,,,,,,,,,,,,,,,,,,,,,,,,,,,,,,,,,,,,,,,,,,,,,,,,,,,,,,,,,,,,,,,,,,,,,,,,,,,,,,,,,,,,,,,,,,,,,,,
  Black or African American...........,10.4,10.4,9.3,10.1,8.8,10.3,11.8,12.0,13.2,11.3,11.9,12.6,11.9,13.5,13.6,13.3,12.5,13.2,13.5,12.4,12.7,12.9,13.6,12.8,1.2†,,,,,,,,,,,,,,,,,,,,,,,,,,,,,,,,,,,,,,,,,,,,,,,,,,,,,,,,,,,,,,,,,,,,,,,,,,,,,,,,,,,,,,,,,,,,,,,
  American Indian or Alaska Native3..,*,*,*,*,*,*,*,*,*,15.1,13.5,*,*,*,14.7,12.2,17.7,*,12.1,16.1,13.0,16.5,11.1,12.8,*,,,,,,,,,,,,,,,,,,,,,,,,,,,,,,,,,,,,,,,,,,,,,,,,,,,,,,,,,,,,,,,,,,,,,,,,,,,,,,,,,,,,,,,,,,,,,,,
  Asian or Pacific Islander...........,9.5,10.1,9.1,11.0,12.3,12.2,9.8,11.0,11.2,11.6,11.5,13.0,12.4,12.7,12.3,9.7,11.3,11.6,12.3,12.3,11.9,12.0,11.4,10.8,0.4,,,,,,,,,,,,,,,,,,,,,,,,,,,,,,,,,,,,,,,,,,,,,,,,,,,,,,,,,,,,,,,,,,,,,,,,,,,,,,,,,,,,,,,,,,,,,,,
  Hispanic or Latina4................,13.6,11.7,12.4,13.6,13.9,13.1,13.7,14.9,14.5,14.6,13.8,14.4,13.6,15.3,15.5,15.0,15.7,14.8,14.9,17.4,15.5,14.6,15.2,14.5,0.7†,,,,,,,,,,,,,,,,,,,,,,,,,,,,,,,,,,,,,,,,,,,,,,,,,,,,,,,,,,,,,,,,,,,,,,,,,,,,,,,,,,,,,,,,,,,,,,,
"  White, not Hispanic or Latina4.....",15.6,15.5,15.9,15.4,16.3,16.2,16.4,17.1,17.6,17.6,17.3,17.5,18.1,18.4,18.9,18.1,18.6,18.5,17.7,18.2,18.4,17.0,17.2,16.9,0.6†,,,,,,,,,,,,,,,,,,,,,,,,,,,,,,,,,,,,,,,,,,,,,,,,,,,,,,,,,,,,,,,,,,,,,,,,,,,,,,,,,,,,,,,,,,,,,,,
,,,,,,,,,,,,,,,,,,,,,,,,,,,,,,,,,,,,,,,,,,,,,,,,,,,,,,,,,,,,,,,,,,,,,,,,,,,,,,,,,,,,,,,,,,,,,,,,,,,,,,,,,,,,,,,,,,,,,,,,
Leukemia,,,,,,,,,,,,,,,,,,,,,,,,,,,,,,,,,,,,,,,,,,,,,,,,,,,,,,,,,,,,,,,,,,,,,,,,,,,,,,,,,,,,,,,,,,,,,,,,,,,,,,,,,,,,,,,,,,,,,,,,
,,,,,,,,,,,,,,,,,,,,,,,,,,,,,,,,,,,,,,,,,,,,,,,,,,,,,,,,,,,,,,,,,,,,,,,,,,,,,,,,,,,,,,,,,,,,,,,,,,,,,,,,,,,,,,,,,,,,,,,,
Male..................................,17.2,16.8,17.6,16.8,16.8,17.7,16.9,17.2,17.3,16.8,17.2,18.0,17.2,17.4,17.4,17.5,16.8,17.5,17.6,17.5,18.1,17.7,17.3,16.8,0.1,,,,,,,,,,,,,,,,,,,,,,,,,,,,,,,,,,,,,,,,,,,,,,,,,,,,,,,,,,,,,,,,,,,,,,,,,,,,,,,,,,,,,,,,,,,,,,,
  White...............................,18.0,17.8,18.7,17.8,17.9,19.0,17.7,18.4,18.5,17.8,18.2,19.3,18.6,18.5,18.5,19.1,18.2,19.0,18.9,18.6,19.6,19.0,18.2,18.1,0.2†,,,,,,,,,,,,,,,,,,,,,,,,,,,,,,,,,,,,,,,,,,,,,,,,,,,,,,,,,,,,,,,,,,,,,,,,,,,,,,,,,,,,,,,,,,,,,,,
  Black or African American...........,16.2,12.5,14.4,14.1,11.8,13.4,14.9,14.3,13.6,14.1,14.3,13.7,12.8,15.1,17.0,12.9,14.0,13.4,14.1,15.1,13.7,14.3,14.9,14.0,0.1,,,,,,,,,,,,,,,,,,,,,,,,,,,,,,,,,,,,,,,,,,,,,,,,,,,,,,,,,,,,,,,,,,,,,,,,,,,,,,,,,,,,,,,,,,,,,,,
  American Indian or Alaska Native3..,*,*,*,*,*,*,*,*,*,*,*,10.9,7.9,*,11.9,12.3,12.1,*,14.1,*,*,9.8,14.6,11.4,*,,,,,,,,,,,,,,,,,,,,,,,,,,,,,,,,,,,,,,,,,,,,,,,,,,,,,,,,,,,,,,,,,,,,,,,,,,,,,,,,,,,,,,,,,,,,,,,
  Asian or Pacific Islander...........,8.4,11.1,9.1,9.8,10.2,10.2,11.2,9.3,10.6,10.8,10.6,10.5,9.6,10.5,10.2,9.4,9.1,9.7,10.1,10.1,10.1,10.4,10.5,8.7,-0.1,,,,,,,,,,,,,,,,,,,,,,,,,,,,,,,,,,,,,,,,,,,,,,,,,,,,,,,,,,,,,,,,,,,,,,,,,,,,,,,,,,,,,,,,,,,,,,,
  Hispanic or Latino4................,12.2,11.8,11.8,10.7,10.8,14.6,12.5,12.6,12.5,12.0,13.3,11.3,12.3,12.3,13.1,13.2,13.8,12.3,12.5,12.8,13.2,13.8,11.5,12.7,0.3,,,,,,,,,,,,,,,,,,,,,,,,,,,,,,,,,,,,,,,,,,,,,,,,,,,,,,,,,,,,,,,,,,,,,,,,,,,,,,,,,,,,,,,,,,,,,,,
"  White, not Hispanic or Latino4.....",18.3,18.2,19.2,18.2,18.3,19.3,18.0,18.8,18.9,18.3,18.7,20.0,19.2,19.1,19.0,19.5,18.4,19.6,19.4,19.3,20.1,19.6,19.0,18.6,0.2†,,,,,,,,,,,,,,,,,,,,,,,,,,,,,,,,,,,,,,,,,,,,,,,,,,,,,,,,,,,,,,,,,,,,,,,,,,,,,,,,,,,,,,,,,,,,,,,
,,,,,,,,,,,,,,,,,,,,,,,,,,,,,,,,,,,,,,,,,,,,,,,,,,,,,,,,,,,,,,,,,,,,,,,,,,,,,,,,,,,,,,,,,,,,,,,,,,,,,,,,,,,,,,,,,,,,,,,,
Female..................................,9.9,10.3,9.7,10.1,9.9,10.3,10.2,10.0,10.1,9.5,10.4,10.6,10.1,10.1,10.5,10.1,10.9,10.1,10.9,10.3,10.7,10.5,10.6,10.3,0.3†,,,,,,,,,,,,,,,,,,,,,,,,,,,,,,,,,,,,,,,,,,,,,,,,,,,,,,,,,,,,,,,,,,,,,,,,,,,,,,,,,,,,,,,,,,,,,,,
  White...............................,10.3,10.8,10.1,10.4,10.5,10.9,10.7,10.7,10.8,10.0,11.0,11.4,10.9,10.7,11.0,10.7,11.9,11.0,11.5,11.0,11.5,11.4,11.3,11.2,0.4†,,,,,,,,,,,,,,,,,,,,,,,,,,,,,,,,,,,,,,,,,,,,,,,,,,,,,,,,,,,,,,,,,,,,,,,,,,,,,,,,,,,,,,,,,,,,,,,
  Black or African American...........,8.5,9.4,8.1,10.0,7.7,8.4,8.6,8.3,7.7,8.1,9.8,9.1,7.5,9.1,9.9,9.6,8.5,7.7,8.3,8.1,9.1,9.4,9.2,8.4,0.1,,,,,,,,,,,,,,,,,,,,,,,,,,,,,,,,,,,,,,,,,,,,,,,,,,,,,,,,,,,,,,,,,,,,,,,,,,,,,,,,,,,,,,,,,,,,,,,
  American Indian or Alaska Native3..,*,*,*,*,*,*,*,*,*,*,*,*,*,*,*,*,*,*,11.0,*,8.7,*,7.0,8.1,*,,,,,,,,,,,,,,,,,,,,,,,,,,,,,,,,,,,,,,,,,,,,,,,,,,,,,,,,,,,,,,,,,,,,,,,,,,,,,,,,,,,,,,,,,,,,,,,
  Asian or Pacific Islander...........,5.7,5.8,7.0,7.4,6.9,6.4,6.5,5.8,6.7,6.6,6.4,5.3,6.4,6.5,6.7,6.4,6.3,6.2,7.2,6.9,6.1,6.4,6.6,6.2,0.0,,,,,,,,,,,,,,,,,,,,,,,,,,,,,,,,,,,,,,,,,,,,,,,,,,,,,,,,,,,,,,,,,,,,,,,,,,,,,,,,,,,,,,,,,,,,,,,
  Hispanic or Latina4................,8.5,8.3,8.2,7.5,8.4,8.2,7.4,8.9,9.1,8.2,7.8,7.8,8.7,7.2,8.8,8.3,9.0,8.3,9.7,8.5,8.7,8.7,8.8,9.6,0.6†,,,,,,,,,,,,,,,,,,,,,,,,,,,,,,,,,,,,,,,,,,,,,,,,,,,,,,,,,,,,,,,,,,,,,,,,,,,,,,,,,,,,,,,,,,,,,,,
"  White, not Hispanic or Latina4.....",10.3,10.8,10.1,10.4,10.6,11.1,10.9,10.9,10.7,10.2,11.1,11.8,10.9,11.2,11.3,10.7,12.2,11.3,11.5,11.1,11.8,11.6,11.4,11.2,0.5†,,,,,,,,,,,,,,,,,,,,,,,,,,,,,,,,,,,,,,,,,,,,,,,,,,,,,,,,,,,,,,,,,,,,,,,,,,,,,,,,,,,,,,,,,,,,,,,
,,,,,,,,,,,,,,,,,,,,,,,,,,,,,,,,,,,,,,,,,,,,,,,,,,,,,,,,,,,,,,,,,,,,,,,,,,,,,,,,,,,,,,,,,,,,,,,,,,,,,,,,,,,,,,,,,,,,,,,,
†Annual percent change (APC) is significantly different from zero (p < 0.05).,,,,,,,,,,,,,,,,,,,,,,,,,,,,,,,,,,,,,,,,,,,,,,,,,,,,,,,,,,,,,,,,,,,,,,,,,,,,,,,,,,,,,,,,,,,,,,,,,,,,,,,,,,,,,,,,,,,,,,,,
0.0 APC is greater than -0.05 but less than 0.05.,,,,,,,,,,,,,,,,,,,,,,,,,,,,,,,,,,,,,,,,,,,,,,,,,,,,,,,,,,,,,,,,,,,,,,,,,,,,,,,,,,,,,,,,,,,,,,,,,,,,,,,,,,,,,,,,,,,,,,,,
*Estimates are considered unreliable. Data not shown if the rate is based on fewer than 16 cases for the time interval. ,,,,,,,,,,,,,,,,,,,,,,,,,,,,,,,,,,,,,,,,,,,,,,,,,,,,,,,,,,,,,,,,,,,,,,,,,,,,,,,,,,,,,,,,,,,,,,,,,,,,,,,,,,,,,,,,,,,,,,,,
The trend is not shown if it is based on fewer than 10 cases for at least 1 year within the time interval. ,,,,,,,,,,,,,,,,,,,,,,,,,,,,,,,,,,,,,,,,,,,,,,,,,,,,,,,,,,,,,,,,,,,,,,,,,,,,,,,,,,,,,,,,,,,,,,,,,,,,,,,,,,,,,,,,,,,,,,,,
1APC was calculated by fitting a linear regression model to the natural logarithm of the yearly rates from 1990-2013.,,,,,,,,,,,,,,,,,,,,,,,,,,,,,,,,,,,,,,,,,,,,,,,,,,,,,,,,,,,,,,,,,,,,,,,,,,,,,,,,,,,,,,,,,,,,,,,,,,,,,,,,,,,,,,,,,,,,,,,,
2Age-adjusted by 5-year age groups to the year 2000 U.S. standard population. Age-adjusted rates are based on,,,,,,,,,,,,,,,,,,,,,,,,,,,,,,,,,,,,,,,,,,,,,,,,,,,,,,,,,,,,,,,,,,,,,,,,,,,,,,,,,,,,,,,,,,,,,,,,,,,,,,,,,,,,,,,,,,,,,,,,
"at least 16 cases. See Appendix II, Age adjustment.",,,,,,,,,,,,,,,,,,,,,,,,,,,,,,,,,,,,,,,,,,,,,,,,,,,,,,,,,,,,,,,,,,,,,,,,,,,,,,,,,,,,,,,,,,,,,,,,,,,,,,,,,,,,,,,,,,,,,,,,
3Estimates for the American Indian or Alaska Native populations are,,,,,,,,,,,,,,,,,,,,,,,,,,,,,,,,,,,,,,,,,,,,,,,,,,,,,,,,,,,,,,,,,,,,,,,,,,,,,,,,,,,,,,,,,,,,,,,,,,,,,,,,,,,,,,,,,,,,,,,,
based on the Contract Health Service Delivery Area (CHSDA) counties within SEER areas. ,,,,,,,,,,,,,,,,,,,,,,,,,,,,,,,,,,,,,,,,,,,,,,,,,,,,,,,,,,,,,,,,,,,,,,,,,,,,,,,,,,,,,,,,,,,,,,,,,,,,,,,,,,,,,,,,,,,,,,,,
4Hispanic data exclude cases from Alaska.,,,,,,,,,,,,,,,,,,,,,,,,,,,,,,,,,,,,,,,,,,,,,,,,,,,,,,,,,,,,,,,,,,,,,,,,,,,,,,,,,,,,,,,,,,,,,,,,,,,,,,,,,,,,,,,,,,,,,,,,
"The race groups, white, black, Asian or Pacific Islander, and American Indian or Alaska Native, include persons",,,,,,,,,,,,,,,,,,,,,,,,,,,,,,,,,,,,,,,,,,,,,,,,,,,,,,,,,,,,,,,,,,,,,,,,,,,,,,,,,,,,,,,,,,,,,,,,,,,,,,,,,,,,,,,,,,,,,,,,
of Hispanic and non-Hispanic origin. Persons of Hispanic origin may be of any race.,,,,,,,,,,,,,,,,,,,,,,,,,,,,,,,,,,,,,,,,,,,,,,,,,,,,,,,,,,,,,,,,,,,,,,,,,,,,,,,,,,,,,,,,,,,,,,,,,,,,,,,,,,,,,,,,,,,,,,,,
The North American Association of Central Cancer Registries (NAACCR) Hispanic Identification Algorithm was used on,,,,,,,,,,,,,,,,,,,,,,,,,,,,,,,,,,,,,,,,,,,,,,,,,,,,,,,,,,,,,,,,,,,,,,,,,,,,,,,,,,,,,,,,,,,,,,,,,,,,,,,,,,,,,,,,,,,,,,,,
a combination of variables to classify cases as Hispanic for analytic purposes.,,,,,,,,,,,,,,,,,,,,,,,,,,,,,,,,,,,,,,,,,,,,,,,,,,,,,,,,,,,,,,,,,,,,,,,,,,,,,,,,,,,,,,,,,,,,,,,,,,,,,,,,,,,,,,,,,,,,,,,,
"See the report, NAACCR guideline for enhancing Hispanic-Latino identification, for more information.",,,,,,,,,,,,,,,,,,,,,,,,,,,,,,,,,,,,,,,,,,,,,,,,,,,,,,,,,,,,,,,,,,,,,,,,,,,,,,,,,,,,,,,,,,,,,,,,,,,,,,,,,,,,,,,,,,,,,,,,
Available from: http://seer.cancer.gov/seerstat/variables/seer/yr1973_2006/race_ethnicity/.,,,,,,,,,,,,,,,,,,,,,,,,,,,,,,,,,,,,,,,,,,,,,,,,,,,,,,,,,,,,,,,,,,,,,,,,,,,,,,,,,,,,,,,,,,,,,,,,,,,,,,,,,,,,,,,,,,,,,,,,
"See Appendix II, Hispanic origin.",,,,,,,,,,,,,,,,,,,,,,,,,,,,,,,,,,,,,,,,,,,,,,,,,,,,,,,,,,,,,,,,,,,,,,,,,,,,,,,,,,,,,,,,,,,,,,,,,,,,,,,,,,,,,,,,,,,,,,,,
,,,,,,,,,,,,,,,,,,,,,,,,,,,,,,,,,,,,,,,,,,,,,,,,,,,,,,,,,,,,,,,,,,,,,,,,,,,,,,,,,,,,,,,,,,,,,,,,,,,,,,,,,,,,,,,,,,,,,,,,
"NOTES: See Appendix II, Incidence. Estimates are based on 13 SEER areas (November 2015 submission) and differ",,,,,,,,,,,,,,,,,,,,,,,,,,,,,,,,,,,,,,,,,,,,,,,,,,,,,,,,,,,,,,,,,,,,,,,,,,,,,,,,,,,,,,,,,,,,,,,,,,,,,,,,,,,,,,,,,,,,,,,,
from published estimates based on 9 SEER areas or other submission dates.,,,,,,,,,,,,,,,,,,,,,,,,,,,,,,,,,,,,,,,,,,,,,,,,,,,,,,,,,,,,,,,,,,,,,,,,,,,,,,,,,,,,,,,,,,,,,,,,,,,,,,,,,,,,,,,,,,,,,,,,
"See Appendix I, Surveillance, Epidemiology, and End Results Program (SEER). The site variable distinguishes",,,,,,,,,,,,,,,,,,,,,,,,,,,,,,,,,,,,,,,,,,,,,,,,,,,,,,,,,,,,,,,,,,,,,,,,,,,,,,,,,,,,,,,,,,,,,,,,,,,,,,,,,,,,,,,,,,,,,,,,
"Kaposi Sarcoma and Mesothelioma as individual cancer sites. As a result, Kaposi Sarcoma and",,,,,,,,,,,,,,,,,,,,,,,,,,,,,,,,,,,,,,,,,,,,,,,,,,,,,,,,,,,,,,,,,,,,,,,,,,,,,,,,,,,,,,,,,,,,,,,,,,,,,,,,,,,,,,,,,,,,,,,,
Mesothelioma cases do not contribute to other cancer sites.,,,,,,,,,,,,,,,,,,,,,,,,,,,,,,,,,,,,,,,,,,,,,,,,,,,,,,,,,,,,,,,,,,,,,,,,,,,,,,,,,,,,,,,,,,,,,,,,,,,,,,,,,,,,,,,,,,,,,,,,
Estimates for 2001-2009 were computed using intercensal population estimates based on the 2000 and 2010 censuses.,,,,,,,,,,,,,,,,,,,,,,,,,,,,,,,,,,,,,,,,,,,,,,,,,,,,,,,,,,,,,,,,,,,,,,,,,,,,,,,,,,,,,,,,,,,,,,,,,,,,,,,,,,,,,,,,,,,,,,,,
"Data have been revised and differ from previous editions of Health, United States.",,,,,,,,,,,,,,,,,,,,,,,,,,,,,,,,,,,,,,,,,,,,,,,,,,,,,,,,,,,,,,,,,,,,,,,,,,,,,,,,,,,,,,,,,,,,,,,,,,,,,,,,,,,,,,,,,,,,,,,,
"Data for additional years are available. See the Excel spreadsheet on the Health, United States website at: http://www.cdc.gov/nchs/hus.htm.",,,,,,,,,,,,,,,,,,,,,,,,,,,,,,,,,,,,,,,,,,,,,,,,,,,,,,,,,,,,,,,,,,,,,,,,,,,,,,,,,,,,,,,,,,,,,,,,,,,,,,,,,,,,,,,,,,,,,,,,
,,,,,,,,,,,,,,,,,,,,,,,,,,,,,,,,,,,,,,,,,,,,,,,,,,,,,,,,,,,,,,,,,,,,,,,,,,,,,,,,,,,,,,,,,,,,,,,,,,,,,,,,,,,,,,,,,,,,,,,,
"SOURCE: National Institutes of Health, National Cancer Institute, Surveillance, Epidemiology, and End Results Program.",,,,,,,,,,,,,,,,,,,,,,,,,,,,,,,,,,,,,,,,,,,,,,,,,,,,,,,,,,,,,,,,,,,,,,,,,,,,,,,,,,,,,,,,,,,,,,,,,,,,,,,,,,,,,,,,,,,,,,,,
Available from: http://www.seer.cancer.gov.,,,,,,,,,,,,,,,,,,,,,,,,,,,,,,,,,,,,,,,,,,,,,,,,,,,,,,,,,,,,,,,,,,,,,,,,,,,,,,,,,,,,,,,,,,,,,,,,,,,,,,,,,,,,,,,,,,,,,,,,
"See Appendix I, Surveillance, Epidemiology, and End Results Program (SEER).",,,,,,,,,,,,,,,,,,,,,,,,,,,,,,,,,,,,,,,,,,,,,,,,,,,,,,,,,,,,,,,,,,,,,,,,,,,,,,,,,,,,,,,,,,,,,,,,,,,,,,,,,,,,,,,,,,,,,,,,
,,,,,,,,,,,,,,,,,,,,,,,,,,,,,,,,,,,,,,,,,,,,,,,,,,,,,,,,,,,,,,,,,,,,,,,,,,,,,,,,,,,,,,,,,,,,,,,,,,,,,,,,,,,,,,,,,,,,,,,,
,,,,,,,,,,,,,,,,,,,,,,,,,,,,,,,,,,,,,,,,,,,,,,,,,,,,,,,,,,,,,,,,,,,,,,,,,,,,,,,,,,,,,,,,,,,,,,,,,,,,,,,,,,,,,,,,,,,,,,,,
